Sample,alpha,beta,alpha=beta,LRT,p-value,Total branch length,dN/dS LB,dN/dS MLE,dN/dS UB,CodonSite,adjusted_p-value
Primate_TP53.1.codon.fas.FEL.json,0.0,0.0,0.0,0.0,1.0,0.0,0.0,0.0,0.0,1,1.0
Primate_TP53.1.codon.fas.FEL.json,0.0,0.0,0.0,0.0,1.0,0.0,0.0,0.0,0.0,2,1.0
Primate_TP53.1.codon.fas.FEL.json,0.0,0.0,0.0,0.0,1.0,0.0,0.0,0.0,0.0,3,1.0
Primate_TP53.1.codon.fas.FEL.json,0.0,0.0,0.0,0.0,1.0,0.0,0.0,0.0,0.0,4,1.0
Primate_TP53.1.codon.fas.FEL.json,0.0,0.0,0.0,0.0,1.0,0.0,0.0,0.0,0.0,5,1.0
Primate_TP53.1.codon.fas.FEL.json,0.0,0.0,0.0,0.0,1.0,0.0,0.0,0.0,0.0,6,1.0
Primate_TP53.1.codon.fas.FEL.json,0.0,0.0,0.0,0.0,1.0,0.0,0.0,0.0,0.0,7,1.0
Primate_TP53.1.codon.fas.FEL.json,0.0,0.0,0.0,0.0,1.0,0.0,0.0,0.0,0.0,8,1.0
Primate_TP53.1.codon.fas.FEL.json,0.0,0.0,0.0,0.0,1.0,0.0,0.0,0.0,0.0,9,1.0
Primate_TP53.1.codon.fas.FEL.json,0.0,0.0,0.0,0.0,1.0,0.0,0.0,0.0,0.0,10,1.0
Primate_TP53.1.codon.fas.FEL.json,0.0,0.0,0.0,0.0,1.0,0.0,0.0,0.0,0.0,11,1.0
Primate_TP53.1.codon.fas.FEL.json,0.0,0.0,0.0,0.0,1.0,0.0,0.0,0.0,0.0,12,1.0
Primate_TP53.1.codon.fas.FEL.json,0.0,0.0,0.0,0.0,1.0,0.0,0.0,0.0,0.0,13,1.0
Primate_TP53.1.codon.fas.FEL.json,0.0,0.0,0.0,0.0,1.0,0.0,0.0,0.0,0.0,14,1.0
Primate_TP53.1.codon.fas.FEL.json,0.0,0.0,0.0,0.0,1.0,0.0,0.0,0.0,0.0,15,1.0
Primate_TP53.1.codon.fas.FEL.json,0.0,0.0,0.0,0.0,1.0,0.0,0.0,0.0,0.0,16,1.0
Primate_TP53.1.codon.fas.FEL.json,0.0,0.0,0.0,0.0,1.0,0.0,0.0,0.0,0.0,17,1.0
Primate_TP53.1.codon.fas.FEL.json,0.0,0.0,0.0,0.0,1.0,0.0,0.0,0.0,0.0,18,1.0
Primate_TP53.1.codon.fas.FEL.json,0.0,0.0,0.0,0.0,1.0,0.0,0.0,0.0,0.0,19,1.0
Primate_TP53.1.codon.fas.FEL.json,0.0,0.0,0.0,0.0,1.0,0.0,0.0,0.0,0.0,20,1.0
Primate_TP53.1.codon.fas.FEL.json,0.0,0.0,0.0,0.0,1.0,0.0,0.0,0.0,0.0,21,1.0
Primate_TP53.1.codon.fas.FEL.json,0.0,0.0,0.0,0.0,1.0,0.0,0.0,0.0,0.0,22,1.0
Primate_TP53.1.codon.fas.FEL.json,0.0,0.0,0.0,0.0,1.0,0.0,0.0,0.0,0.0,23,1.0
Primate_TP53.1.codon.fas.FEL.json,0.0,0.0,0.0,0.0,1.0,0.0,0.0,0.0,0.0,24,1.0
Primate_TP53.1.codon.fas.FEL.json,0.0,0.0,0.0,0.0,1.0,0.0,0.0,0.0,0.0,25,1.0
Primate_TP53.1.codon.fas.FEL.json,0.0,0.0,0.0,0.0,1.0,0.0,0.0,0.0,0.0,26,1.0
Primate_TP53.1.codon.fas.FEL.json,0.0,0.0,0.0,0.0,1.0,0.0,0.0,0.0,0.0,27,1.0
Primate_TP53.1.codon.fas.FEL.json,0.0,0.0,0.0,0.0,1.0,0.0,0.0,0.0,0.0,28,1.0
Primate_TP53.1.codon.fas.FEL.json,0.0,0.0,0.0,0.0,1.0,0.0,0.0,0.0,0.0,29,1.0
Primate_TP53.1.codon.fas.FEL.json,0.0,0.0,0.0,0.0,1.0,0.0,0.0,0.0,0.0,30,1.0
Primate_TP53.1.codon.fas.FEL.json,0.0,0.0,0.0,0.0,1.0,0.0,0.0,0.0,0.0,31,1.0
Primate_TP53.1.codon.fas.FEL.json,0.0,0.0,0.0,0.0,1.0,0.0,0.0,0.0,0.0,32,1.0
Primate_TP53.1.codon.fas.FEL.json,0.0,0.0,0.0,0.0,1.0,0.0,0.0,0.0,0.0,33,1.0
Primate_TP53.1.codon.fas.FEL.json,0.0,0.0,0.0,0.0,1.0,0.0,0.0,0.0,0.0,34,1.0
Primate_TP53.1.codon.fas.FEL.json,0.0,0.0,0.0,0.0,1.0,0.0,0.0,0.0,0.0,35,1.0
Primate_TP53.1.codon.fas.FEL.json,0.0,0.0,0.0,0.0,1.0,0.0,0.0,0.0,0.0,36,1.0
Primate_TP53.1.codon.fas.FEL.json,0.0,0.0,0.0,0.0,1.0,0.0,0.0,0.0,0.0,37,1.0
Primate_TP53.1.codon.fas.FEL.json,0.0,0.0,0.0,0.0,1.0,0.0,0.0,0.0,0.0,38,1.0
Primate_TP53.1.codon.fas.FEL.json,0.0,0.0,0.0,0.0,1.0,0.0,0.0,0.0,0.0,39,1.0
Primate_TP53.1.codon.fas.FEL.json,0.0,0.0,0.0,0.0,1.0,0.0,0.0,0.0,0.0,40,1.0
Primate_TP53.1.codon.fas.FEL.json,0.0,0.0,0.0,0.0,1.0,0.0,0.0,0.0,0.0,41,1.0
Primate_TP53.1.codon.fas.FEL.json,0.0,0.0,0.0,0.0,1.0,0.0,0.0,0.0,0.0,42,1.0
Primate_TP53.1.codon.fas.FEL.json,0.0,0.0,0.0,0.0,1.0,0.0,0.0,0.0,0.0,43,1.0
Primate_TP53.1.codon.fas.FEL.json,0.0,0.0,0.0,0.0,1.0,0.0,0.0,0.0,0.0,44,1.0
Primate_TP53.1.codon.fas.FEL.json,0.0,0.0,0.0,0.0,1.0,0.0,0.0,0.0,0.0,45,1.0
Primate_TP53.1.codon.fas.FEL.json,0.0,0.0,0.0,0.0,1.0,0.0,0.0,0.0,0.0,46,1.0
Primate_TP53.1.codon.fas.FEL.json,0.0,0.0,0.0,0.0,1.0,0.0,0.0,0.0,0.0,47,1.0
Primate_TP53.1.codon.fas.FEL.json,0.0,0.0,0.0,0.0,1.0,0.0,0.0,0.0,0.0,48,1.0
Primate_TP53.1.codon.fas.FEL.json,0.0,0.0,0.0,0.0,1.0,0.0,0.0,0.0,0.0,49,1.0
Primate_TP53.1.codon.fas.FEL.json,0.0,0.0,0.0,0.0,1.0,0.0,0.0,0.0,0.0,50,1.0
Primate_TP53.1.codon.fas.FEL.json,0.0,0.0,0.0,0.0,1.0,0.0,0.0,0.0,0.0,51,1.0
Primate_TP53.1.codon.fas.FEL.json,0.0,0.0,0.0,0.0,1.0,0.0,0.0,0.0,0.0,52,1.0
Primate_TP53.1.codon.fas.FEL.json,0.0,0.0,0.0,0.0,1.0,0.0,0.0,0.0,0.0,53,1.0
Primate_TP53.1.codon.fas.FEL.json,0.0,0.0,0.0,0.0,1.0,0.0,0.0,0.0,0.0,54,1.0
Primate_TP53.1.codon.fas.FEL.json,0.0,0.0,0.0,0.0,1.0,0.0,0.0,0.0,0.0,55,1.0
Primate_TP53.1.codon.fas.FEL.json,0.0,0.0,0.0,0.0,1.0,0.0,0.0,0.0,0.0,56,1.0
Primate_TP53.1.codon.fas.FEL.json,0.0,0.0,0.0,0.0,1.0,0.0,0.0,0.0,0.0,57,1.0
Primate_TP53.1.codon.fas.FEL.json,0.0,0.0,0.0,0.0,1.0,0.0,0.0,0.0,0.0,58,1.0
Primate_TP53.1.codon.fas.FEL.json,0.0,0.0,0.0,0.0,1.0,0.0,0.0,0.0,0.0,59,1.0
Primate_TP53.1.codon.fas.FEL.json,0.0,0.0,0.0,0.0,1.0,0.0,0.0,0.0,0.0,60,1.0
Primate_TP53.1.codon.fas.FEL.json,0.0,0.0,0.0,0.0,1.0,0.0,0.0,0.0,0.0,61,1.0
Primate_TP53.1.codon.fas.FEL.json,0.0,0.0,0.0,0.0,1.0,0.0,0.0,0.0,0.0,62,1.0
Primate_TP53.1.codon.fas.FEL.json,0.0,0.0,0.0,0.0,1.0,0.0,0.0,0.0,0.0,63,1.0
Primate_TP53.1.codon.fas.FEL.json,0.0,0.0,0.0,0.0,1.0,0.0,0.0,0.0,0.0,64,1.0
Primate_TP53.1.codon.fas.FEL.json,0.0,0.0,0.0,0.0,1.0,0.0,0.0,0.0,0.0,65,1.0
Primate_TP53.1.codon.fas.FEL.json,0.0,0.0,0.0,0.0,1.0,0.0,0.0,0.0,0.0,66,1.0
Primate_TP53.1.codon.fas.FEL.json,0.0,0.0,0.0,0.0,1.0,0.0,0.0,0.0,0.0,67,1.0
Primate_TP53.1.codon.fas.FEL.json,0.0,0.0,0.0,0.0,1.0,0.0,0.0,0.0,0.0,68,1.0
Primate_TP53.1.codon.fas.FEL.json,0.0,0.0,0.0,0.0,1.0,0.0,0.0,0.0,0.0,69,1.0
Primate_TP53.1.codon.fas.FEL.json,0.0,0.0,0.0,0.0,1.0,0.0,0.0,0.0,0.0,70,1.0
Primate_TP53.1.codon.fas.FEL.json,0.0,0.0,0.0,0.0,1.0,0.0,0.0,0.0,0.0,71,1.0
Primate_TP53.1.codon.fas.FEL.json,0.0,0.0,0.0,0.0,1.0,0.0,0.0,0.0,0.0,72,1.0
Primate_TP53.1.codon.fas.FEL.json,0.0,0.0,0.0,0.0,1.0,0.0,0.0,0.0,0.0,73,1.0
Primate_TP53.1.codon.fas.FEL.json,0.0,0.0,0.0,0.0,1.0,0.0,0.0,0.0,0.0,74,1.0
Primate_TP53.1.codon.fas.FEL.json,0.0,0.0,0.0,0.0,1.0,0.0,0.0,0.0,0.0,75,1.0
Primate_TP53.1.codon.fas.FEL.json,0.0,0.0,0.0,0.0,1.0,0.0,0.0,0.0,0.0,76,1.0
Primate_TP53.1.codon.fas.FEL.json,0.0,0.0,0.0,0.0,1.0,0.0,0.0,0.0,0.0,77,1.0
Primate_TP53.1.codon.fas.FEL.json,0.0,0.0,0.0,0.0,1.0,0.0,0.0,0.0,0.0,78,1.0
Primate_TP53.1.codon.fas.FEL.json,1.238588496439865e-05,15.43581539561346,15.04992162523042,0.0505077471563453,0.8221820996449918,5187.72259844013,1301.686316613264,10000.0,10000.0,79,1.0
Primate_TP53.1.codon.fas.FEL.json,0.0555758303813855,12.80990893463667,9.058426271490024,0.6430693504710057,0.4226015215620579,3122.448331965522,11.21573245617718,230.4942426722101,10000.0,80,1.0
Primate_TP53.1.codon.fas.FEL.json,0.0407296094204364,75.16516160467796,6606.63663503268,0.3645507919354749,0.5459896408493647,2277314.063468868,137.6951862645107,1845.467282260828,10000.0,81,1.0
Primate_TP53.1.codon.fas.FEL.json,1.640922716910973e-05,11.94255848818827,6.96962000617728,0.9169005686097584,0.3382900999492339,2402.43478397734,1155.388136011563,10000.0,10000.0,82,1.0
Primate_TP53.1.codon.fas.FEL.json,16.79372811035398,6161.466807428257,6985.402456741204,-5.3162985125254644e-09,1.0,2407875.010012269,0.8378733046560662,366.8909468427964,10000.0,83,1.0
Primate_TP53.1.codon.fas.FEL.json,42.46937291094414,28.22212893997719,31.56144122203223,0.0185572769266819,0.891643335940614,10879.25943696532,0.0632797556645917,0.6645289771327068,10000.0,84,1.0
Primate_TP53.1.codon.fas.FEL.json,47.23516222581195,17.45290937363649,25.61374263041798,0.1177897906277394,0.7314441134663032,8829.081956924436,0.0203277297607083,0.3694897731101522,10000.0,85,1.0
Primate_TP53.1.codon.fas.FEL.json,1.617591661305351e-08,9.14071905946437,8.405489766048316,3.143930424152618,0.0762099509292617,2897.38048450591,6780.290476767703,10000.0,10000.0,86,1.0
Primate_TP53.1.codon.fas.FEL.json,2.918958964089102e-05,16.68834495111509,15.43715491618882,1.493770923948002,0.2216323002999129,5321.202289856295,3691.059955287682,10000.0,10000.0,87,1.0
Primate_TP53.2.codon.fas.FEL.json,0.0,0.0,0.0,0.0,1.0,0.0,0.0,0.0,0.0,1,1.0
Primate_TP53.2.codon.fas.FEL.json,0.0,0.0,0.0,0.0,1.0,0.0,0.0,0.0,0.0,2,1.0
Primate_TP53.2.codon.fas.FEL.json,0.0,0.0,0.0,0.0,1.0,0.0,0.0,0.0,0.0,3,1.0
Primate_TP53.2.codon.fas.FEL.json,0.0,0.0,0.0,0.0,1.0,0.0,0.0,0.0,0.0,4,1.0
Primate_TP53.2.codon.fas.FEL.json,0.0,0.0,0.0,0.0,1.0,0.0,0.0,0.0,0.0,5,1.0
Primate_TP53.2.codon.fas.FEL.json,11.53722201345658,4.741095511967723,6.183190373271997,0.2532974554715466,0.6147627487310594,37.08119226865583,0.0240617368650034,0.410939089707894,2.16692889968037,6,1.0
Primate_TP53.2.codon.fas.FEL.json,0.0,0.0,0.0,0.0,1.0,0.0,0.0,0.0,0.0,7,1.0
Primate_TP53.2.codon.fas.FEL.json,0.0,0.0,0.0,0.0,1.0,0.0,0.0,0.0,0.0,8,1.0
Primate_TP53.2.codon.fas.FEL.json,0.0,0.0,0.0,0.0,1.0,0.0,0.0,0.0,0.0,9,1.0
Primate_TP53.2.codon.fas.FEL.json,0.0,0.0,0.0,0.0,1.0,0.0,0.0,0.0,0.0,10,1.0
Primate_TP53.2.codon.fas.FEL.json,0.0,0.0,0.0,0.0,1.0,0.0,0.0,0.0,0.0,11,1.0
Primate_TP53.2.codon.fas.FEL.json,0.7168947807203607,2.225983743617857e-06,0.080623082040555,4.755169184864847,0.0292104211381958,0.4835044412283573,0.0,3.105035499604435e-06,0.2240606775673129,12,0.4819719487802312
Primate_TP53.2.codon.fas.FEL.json,0.0,0.0,0.0,0.0,1.0,0.0,0.0,0.0,0.0,13,1.0
Primate_TP53.2.codon.fas.FEL.json,0.0,0.0,0.0,0.0,1.0,0.0,0.0,0.0,0.0,14,1.0
Primate_TP53.2.codon.fas.FEL.json,0.0,0.0,0.0,0.0,1.0,0.0,0.0,0.0,0.0,15,1.0
Primate_TP53.2.codon.fas.FEL.json,0.0,0.0,0.0,0.0,1.0,0.0,0.0,0.0,0.0,16,1.0
Primate_TP53.2.codon.fas.FEL.json,0.0,0.0,0.0,0.0,1.0,0.0,0.0,0.0,0.0,17,1.0
Primate_TP53.2.codon.fas.FEL.json,0.0,0.0,0.0,0.0,1.0,0.0,0.0,0.0,0.0,18,1.0
Primate_TP53.2.codon.fas.FEL.json,0.0,0.0,0.0,0.0,1.0,0.0,0.0,0.0,0.0,19,1.0
Primate_TP53.2.codon.fas.FEL.json,0.0001287758205419,16.28702479974451,12.33611009599636,0.5771813530693262,0.4474192662299072,73.98084851055339,1348.995646556621,10000.0,10000.0,20,1.0
Primate_TP53.2.codon.fas.FEL.json,0.0,0.0,0.0,0.0,1.0,0.0,0.0,0.0,0.0,21,1.0
Primate_TP53.2.codon.fas.FEL.json,157.0089700909145,2.086485474849265e-05,9.388898779298096,3.283023611946996,0.0699998581897537,56.30613644552356,0.0,1.328895714455745e-07,0.1710331955894961,22,0.8243216897793365
Primate_TP53.2.codon.fas.FEL.json,0.0,0.0,0.0,0.0,1.0,0.0,0.0,0.0,0.0,23,1.0
Primate_TP53.2.codon.fas.FEL.json,0.0,0.0,0.0,0.0,1.0,0.0,0.0,0.0,0.0,24,1.0
Primate_TP53.2.codon.fas.FEL.json,0.0,0.0,0.0,0.0,1.0,0.0,0.0,0.0,0.0,25,1.0
Primate_TP53.2.codon.fas.FEL.json,0.0,0.0,0.0,0.0,1.0,0.0,0.0,0.0,0.0,26,1.0
Primate_TP53.2.codon.fas.FEL.json,1.01023447755992,0.6321009911458361,0.6980636088964373,0.1220114735578406,0.7268630416159216,4.186355155605992,0.1956211159123422,0.6256973061071796,1.735823788629582,27,1.0
Primate_TP53.2.codon.fas.FEL.json,5.32202499346556,0.3480046412252371,1.996278750520112,6.359734514500246,0.0116739009813382,11.97187725124116,0.0143430201676214,0.065389516519092,0.3797025006500407,28,0.3423628166834475
Primate_TP53.2.codon.fas.FEL.json,2.058772437863979,1.136837968144591,1.246215719801268,0.2155752251149181,0.6424322569244741,7.473676520446248,0.19646661564766,0.552192144812316,1.463502907991349,29,1.0
Primate_TP53.2.codon.fas.FEL.json,0.0,0.0,0.0,0.0,1.0,0.0,0.0,0.0,0.0,30,1.0
Primate_TP53.2.codon.fas.FEL.json,0.0,0.0,0.0,0.0,1.0,0.0,0.0,0.0,0.0,31,1.0
Primate_TP53.2.codon.fas.FEL.json,0.5949770040171161,0.3588791098467156,0.4219712460557634,0.1973045243751628,0.6569054101298206,2.530602482251883,0.1389682251405661,0.6031814799961437,2.105927964872843,32,1.0
Primate_TP53.2.codon.fas.FEL.json,1.810537349743764,0.3568557812006689,0.5925410718996436,1.799698113422323,0.1797489958457325,3.553526268439796,0.0537508322359727,0.1970993756362844,0.6592830866011113,33,1.0
Primate_TP53.2.codon.fas.FEL.json,1.359231788689083,0.3511199737108683,0.7733791468447488,1.54497757669494,0.2138784209110474,4.638029740226735,0.0566683478313848,0.2583223675555054,1.434872802668449,34,1.0
Primate_TP53.2.codon.fas.FEL.json,0.2395090714302833,0.3987320501950374,0.3851353658109883,0.0091868141852415,0.9236413975805412,2.309694136352307,0.411728115170944,1.664788927675756,6.087287481895027,35,1.0
Primate_TP53.2.codon.fas.FEL.json,3.027741533433231,0.51271347240916,1.239956330088217,2.12582487832664,0.1448347886631498,7.436138353347691,0.0433285027878501,0.1693385867808146,0.7435167290193474,36,1.0
Primate_TP53.2.codon.fas.FEL.json,2.540476156250105,0.3129699393113015,0.6198724976207861,3.171396714351786,0.0749383354344851,3.717435478889331,0.019752015991735,0.1231934173211308,0.4641350923936582,37,0.8243216897793365
Primate_TP53.2.codon.fas.FEL.json,0.0,0.0,0.0,0.0,1.0,0.0,0.0,0.0,0.0,38,1.0
Primate_TP53.2.codon.fas.FEL.json,0.0,0.0,0.0,0.0,1.0,0.0,0.0,0.0,0.0,39,1.0
Primate_TP53.2.codon.fas.FEL.json,0.0,0.0,0.0,0.0,1.0,0.0,0.0,0.0,0.0,40,1.0
Primate_TP53.2.codon.fas.FEL.json,3.106817013240173e-06,17.63283610239225,9.173799783197484,1.159903008971407,0.2814856564825665,55.01616690719593,1462.119024555747,10000.0,10000.0,41,1.0
Primate_TP53.2.codon.fas.FEL.json,0.2046613334488946,0.2095424659419554,0.207596296669578,0.0003851574023769,0.9843421795715585,1.244975122283352,0.1605182189460261,1.023849803041959,4.267329185148188,42,1.0
Primate_TP53.2.codon.fas.FEL.json,2.179369991078145,7.300249412951425e-06,0.4666359940531517,10.5355560256731,0.0011709964735093,2.798461307249661,0.0,3.349706310923349e-06,0.119579293681051,43,0.0772857672516189
Primate_TP53.2.codon.fas.FEL.json,0.3983192832751969,0.40013581660386,0.3990481898573912,1.570148805996041e-05,0.9968383824651914,2.393130691321525,0.231724254098099,1.004560495574622,3.301240920947707,44,1.0
Primate_TP53.2.codon.fas.FEL.json,0.7294463021167072,0.2724505377011169,0.3515908729931495,0.5787257447880805,0.4468122222045591,2.108524560026518,0.0902880794072478,0.3735032132050296,1.15052471695497,45,1.0
Primate_TP53.2.codon.fas.FEL.json,0.5700959915090311,0.0920828267149239,0.1529463435403203,1.11916705746734,0.2900978787697505,0.9172340538182916,0.0089790841345761,0.1615216175633559,0.8131035362304084,46,1.0
Primate_TP53.2.codon.fas.FEL.json,0.6995234879420952,0.4639775760568761,0.5082910468789191,0.0994413066839001,0.7525011207039028,3.048270698445215,0.1631010990683159,0.6632766219499451,1.956594158154481,47,1.0
Primate_TP53.2.codon.fas.FEL.json,0.5722788463663001,0.2199095494750326,0.317158661609289,0.7074656684330165,0.4002864345909869,1.902031249375905,0.0602474739978328,0.3842699251795767,1.46055573466591,48,1.0
Primate_TP53.2.codon.fas.FEL.json,1.121835948807123,0.1226302202764119,0.1992117767695526,2.303818899418758,0.1290563473104305,1.194692343374074,0.0175808985495537,0.109312079370257,0.383375972540645,49,1.0
Primate_TP53.2.codon.fas.FEL.json,0.0,0.0,0.0,0.0,1.0,0.0,0.0,0.0,0.0,50,1.0
Primate_TP53.2.codon.fas.FEL.json,0.0,0.0,0.0,0.0,1.0,0.0,0.0,0.0,0.0,51,1.0
Primate_TP53.2.codon.fas.FEL.json,0.2434253885790114,0.2838145682830757,0.2678672844938867,0.0126859772377407,0.9103222796042832,1.606426080901068,0.1703841822197289,1.165920161162461,4.780606133089048,52,1.0
Primate_TP53.2.codon.fas.FEL.json,9.853783622653106e-07,0.1050673848748146,0.0858100651894925,0.414427892194059,0.5197305949212163,0.5146112821678592,1390.842465516155,10000.0,10000.0,53,1.0
Primate_TP53.2.codon.fas.FEL.json,1.462707664468891,0.0911254712046299,0.3718457544340526,5.851707328059319,0.0155619462128839,2.229995048196446,0.0034728298728134,0.0622991684655714,0.3112677414629116,54,0.3423628166834475
Primate_TP53.2.codon.fas.FEL.json,1.407136501681183,0.1620529282917847,0.2206165901346873,0.4039451841478012,0.5250588007637322,1.323059084805525,0.018418861134635,0.1151650377189215,0.4011015798218997,55,1.0
Primate_TP53.2.codon.fas.FEL.json,1.285933516568516,0.3726865296087618,0.4763783018215548,0.6911449364743376,0.4057752182649401,2.85688687167384,0.0678480393886071,0.2898178831229684,0.9043863884622678,56,1.0
Primate_TP53.2.codon.fas.FEL.json,0.334509327464417,0.2584613093998471,0.2889442901945751,0.0351960628925809,0.8511854145248958,1.732826927980471,0.1173691835317476,0.7726580043641402,3.098891076205967,57,1.0
Primate_TP53.2.codon.fas.FEL.json,0.0,0.0,0.0,0.0,1.0,0.0,0.0,0.0,0.0,58,1.0
Primate_TP53.2.codon.fas.FEL.json,0.0,0.0,0.0,0.0,1.0,0.0,0.0,0.0,0.0,59,1.0
Primate_TP53.2.codon.fas.FEL.json,0.0,0.0,0.0,0.0,1.0,0.0,0.0,0.0,0.0,60,1.0
Primate_TP53.2.codon.fas.FEL.json,0.0,0.0,0.0,0.0,1.0,0.0,0.0,0.0,0.0,61,1.0
Primate_TP53.2.codon.fas.FEL.json,0.0,0.0,0.0,0.0,1.0,0.0,0.0,0.0,0.0,62,1.0
Primate_TP53.2.codon.fas.FEL.json,0.0,0.0,0.0,0.0,1.0,0.0,0.0,0.0,0.0,63,1.0
Primate_TP53.2.codon.fas.FEL.json,0.0,0.0,0.0,0.0,1.0,0.0,0.0,0.0,0.0,64,1.0
Primate_TP53.2.codon.fas.FEL.json,21.74341444029904,1.221606646156066,2.183286559296302,0.2289362580727072,0.6323137012610713,13.09338121510833,0.0028989071520756,0.0561828340949042,10000.0,65,1.0
Primate_TP53.2.codon.fas.FEL.json,9.999999999999988,157.0490192689011,5.924188324314501,-0.0007201837432404,1.0,35.52793186495162,0.0241575762195779,15.70490192689013,10000.0,66,1.0
Primate_TP53.3.codon.fas.FEL.json,0.0,0.0,0.0,0.0,1.0,0.0,0.0,0.0,0.0,1,1.0
Primate_TP53.3.codon.fas.FEL.json,0.0,0.0,0.0,0.0,1.0,0.0,0.0,0.0,0.0,2,1.0
Primate_TP53.3.codon.fas.FEL.json,0.0,0.0,0.0,0.0,1.0,0.0,0.0,0.0,0.0,3,1.0
Primate_TP53.3.codon.fas.FEL.json,4.407844357144625e-06,1.397735423537706,1.069772163450283,0.4604349571984763,0.4974207655470219,1.568670687974069,1417.818816770443,10000.0,10000.0,4,0.8784571609682914
Primate_TP53.3.codon.fas.FEL.json,2.25691033755998,4.161875858717446e-06,0.8927448925816197,1.624826819052894,0.2024200679496778,1.309085048833792,0.0,1.844059017079512e-06,1.765274315858325,5,0.724090827816497
Primate_TP53.3.codon.fas.FEL.json,0.0,0.0,0.0,0.0,1.0,0.0,0.0,0.0,0.0,6,1.0
Primate_TP53.3.codon.fas.FEL.json,0.0,0.0,0.0,0.0,1.0,0.0,0.0,0.0,0.0,7,1.0
Primate_TP53.3.codon.fas.FEL.json,0.0,0.0,0.0,0.0,1.0,0.0,0.0,0.0,0.0,8,1.0
Primate_TP53.3.codon.fas.FEL.json,0.0,0.0,0.0,0.0,1.0,0.0,0.0,0.0,0.0,9,1.0
Primate_TP53.3.codon.fas.FEL.json,0.0,0.0,0.0,0.0,1.0,0.0,0.0,0.0,0.0,10,1.0
Primate_TP53.3.codon.fas.FEL.json,0.0,0.0,0.0,0.0,1.0,0.0,0.0,0.0,0.0,11,1.0
Primate_TP53.3.codon.fas.FEL.json,0.0,0.0,0.0,0.0,1.0,0.0,0.0,0.0,0.0,12,1.0
Primate_TP53.3.codon.fas.FEL.json,0.0,0.0,0.0,0.0,1.0,0.0,0.0,0.0,0.0,13,1.0
Primate_TP53.3.codon.fas.FEL.json,1.108719903900871,1.349734766415259e-09,0.1939220474894626,3.435112802336711,0.063824226566993,0.2843594571273144,0.0,1.217381199405199e-09,0.4116011467317561,14,0.3935827304964571
Primate_TP53.3.codon.fas.FEL.json,2.403732820820071,4.7803591120644525e-08,0.3928613392836727,7.007998564392338,0.0081146344869225,0.576075998635922,0.0,1.988723152032162e-08,0.1906760240844096,15,0.3566758232126348
Primate_TP53.3.codon.fas.FEL.json,2.1011059795812383e-08,0.6020235203880924,0.4440964958284228,1.196371156206201,0.2740481754547255,0.6512051625938768,3826.694167640447,10000.0,10000.0,16,0.7564081651260768
Primate_TP53.3.codon.fas.FEL.json,0.4103197699933589,1.959895293895175e-09,0.1926776954637153,1.518439536981397,0.217855790689083,0.2825347895812686,0.0,4.776507098175885e-09,1.712011407239,17,0.7253364612039174
Primate_TP53.3.codon.fas.FEL.json,1.310184734138747,1.670120157169349e-06,0.4660528074235997,4.08610150343468,0.0432372606753828,0.6834010110110706,0.0,1.274721124168194e-06,0.5354926742939348,18,0.3805567118678611
Primate_TP53.3.codon.fas.FEL.json,1.493704841853216e-06,2.373013717985874,1.285711307545481,5.658903276701665,0.01736697941354,1.885315126202702,6794.565491734877,10000.0,10000.0,19,0.3805567118678611
Primate_TP53.3.codon.fas.FEL.json,0.5183514145668766,0.9108092228109468,0.7260086136652393,0.2151553520109744,0.6427563534307277,1.064589704596738,0.2876022745512997,1.757126916634344,5.618896638874885,20,1.0
Primate_TP53.3.codon.fas.FEL.json,0.9044154349497416,0.3886550703315745,0.6248042062276318,0.4957167568317615,0.4813882124126659,0.9161876495936142,0.0243460778931935,0.4297306915744665,1.936031208543226,21,0.8784571609682914
Primate_TP53.3.codon.fas.FEL.json,0.0,0.0,0.0,0.0,1.0,0.0,0.0,0.0,0.0,22,1.0
Primate_TP53.3.codon.fas.FEL.json,1.095222280570733,0.4276712993942734,0.6242563712377336,0.4311806321230982,0.5114101980603074,0.915384326493742,0.0220964314713366,0.3904881291963938,1.787110956457204,23,0.8784571609682914
Primate_TP53.3.codon.fas.FEL.json,3.100117882771541,0.4233630232322529,1.377153600960246,3.824017127925238,0.0505229715081149,2.019402411534774,0.0077156881697376,0.1365635241114643,0.6342148134461432,24,0.3805567118678611
Primate_TP53.3.codon.fas.FEL.json,4.343459876486345e-06,0.2977243680204058,0.1962390423954403,0.8263633510399373,0.363326216339988,0.2877570048644606,1287.567691915413,10000.0,10000.0,25,0.7724684287306246
Primate_TP53.3.codon.fas.FEL.json,3.231503394550979,1.372146726769998e-06,0.5730447154784575,6.700259667528641,0.0096398871138549,0.8402896231383129,0.0,4.246155919513306e-07,0.2090472782456556,26,0.3566758232126348
Primate_TP53.3.codon.fas.FEL.json,2.882060564427377,0.8038414517193764,1.244978477346796,1.408868872379401,0.235244257687757,1.825586149366344,0.0456673698633465,0.2789120609195414,0.888816119092449,27,0.7253364612039174
Primate_TP53.3.codon.fas.FEL.json,0.8481199520691193,6.907996010938862e-07,0.3900060034349644,3.04411329076158,0.0810303555823096,0.5718890494861666,0.0,8.145069567206551e-07,0.8344267111844273,28,0.4283033080779224
Primate_TP53.3.codon.fas.FEL.json,0.0002014495026893,0.3279850816224664,0.3255009444958394,0.0401040315099194,0.8412773146914997,0.4773014366831835,269.9614969736682,1628.125546322214,5108.567406470535,29,1.0
Primate_TP53.3.codon.fas.FEL.json,1.371410156024846,9.413506020069573e-08,0.600295010595808,4.78480599415624,0.0287118818310021,0.8802483551465956,0.0,6.864106976832852e-08,0.5124506795479893,30,0.3805567118678611
Primate_TP53.3.codon.fas.FEL.json,2.03143989685395,0.780339081394583,1.238651102502681,1.076654841340883,0.2994470979483898,1.816307942483698,0.0627546557653797,0.3841310208601685,1.233449225657127,31,0.7564081651260768
Primate_TP53.3.codon.fas.FEL.json,2.059098621780312,0.8618007435657137,1.324698715074201,0.8638155345551226,0.3526731396268173,1.942484685740643,0.0680717916421319,0.4185330097596754,1.379691630158871,32,0.7724684287306246
Primate_TP53.3.codon.fas.FEL.json,6.50052626800481,0.7480975611016907,1.488013807678427,3.890954546223455,0.0485468242093739,2.181963340565376,0.0190084207277309,0.1150826148928558,0.3723182254774007,33,0.3805567118678611
Primate_TP53.3.codon.fas.FEL.json,1.254021558725075,2.572758290288462e-07,0.2614164054871778,3.096369102281862,0.0784671210688467,0.3833304573196976,0.0,2.051606108673368e-07,0.5124370145573662,34,0.4283033080779224
Primate_TP53.3.codon.fas.FEL.json,1.010649669405695e-05,0.4673978156003531,0.3795998765878449,0.8413181063877175,0.3590200637348916,0.5566299254239286,3306.745905208488,10000.0,10000.0,35,0.7724684287306246
Primate_TP53.3.codon.fas.FEL.json,1.62724906378465e-05,4.553232773483575,3.097315671070274,0.6818362455997935,0.4089551359006093,4.541778586704151,1411.589745628555,10000.0,10000.0,36,0.7858821243099887
Primate_TP53.3.codon.fas.FEL.json,0.0,0.0,0.0,0.0,1.0,0.0,0.0,0.0,0.0,37,1.0
Primate_TP53.3.codon.fas.FEL.json,1.811071545167798,2.47246687147075,2.223465526270178,0.1320619756034063,0.7163036193942431,3.2604000327804,0.4635414368614422,1.365195581625503,3.316167025183391,38,1.0
Primate_TP53.3.codon.fas.FEL.json,1.001232891528972e-06,1.480147003525891,1.043442504359127,2.76322195394922,0.0964538034624188,1.530061939446312,6169.858361524675,10000.0,10000.0,39,0.4758387637479329
Primate_TP53.3.codon.fas.FEL.json,0.0002874532470253,0.3773292826418064,0.3667960819664637,0.054457795971718,0.815480363277518,0.537854958189203,74.58721270162025,1312.663142777338,5820.528194270993,40,1.0
Primate_TP53.3.codon.fas.FEL.json,1.012061615916758,0.4847175491401418,0.5867444179871595,0.3179972362130599,0.5728137257556064,0.8603783135095917,0.0792112368969233,0.4789407497695376,1.506185518275566,41,0.9419603490203304
Primate_TP53.3.codon.fas.FEL.json,3.135888640437155,1.372268123820472,1.744576167757244,1.058752942261094,0.3034997823439021,2.558176021773167,0.1541973207567265,0.4376010379084037,0.9802589987644572,42,0.7564081651260768
Primate_TP53.3.codon.fas.FEL.json,0.9895192571192374,0.3822478275083462,0.54797382974353,0.4119783577831591,0.5209670733062213,0.8035266890130826,0.0218808628210345,0.386296501819656,1.752176651511429,43,0.8784571609682914
Primate_TP53.3.codon.fas.FEL.json,0.0,0.0,0.0,0.0,1.0,0.0,0.0,0.0,0.0,44,1.0
Primate_TP53.3.codon.fas.FEL.json,1.369257095548005,1.056200521970538e-06,0.5450649068134656,1.8268923836533,0.1764950431076001,0.7992611619318296,0.0,7.713675725359852e-07,1.318337017059741,45,0.6874017468401268
Primate_TP53.3.codon.fas.FEL.json,0.7998056486094947,0.6840936635562688,0.7164927716596504,0.0154605705442847,0.9010456479796848,1.050636058263844,0.1407460615345897,0.8553248714179533,2.691821326257602,46,1.0
Primate_TP53.3.codon.fas.FEL.json,1.642541842056147e-06,0.4164369665991904,0.2479323477228132,1.025586336817661,0.3111975694089796,0.3635579796907347,1415.118847902362,10000.0,10000.0,47,0.7564081651260768
Primate_TP53.3.codon.fas.FEL.json,2.420652431744584e-06,0.7537296432568429,0.5819578489368745,1.019277782462638,0.3126903824961184,0.8533594820035177,3749.229308874332,10000.0,10000.0,48,0.7564081651260768
Primate_TP53.3.codon.fas.FEL.json,0.0,0.0,0.0,0.0,1.0,0.0,0.0,0.0,0.0,49,1.0
Primate_TP53.3.codon.fas.FEL.json,2.092423674491776,0.8761492215745416,1.240373214130521,0.679906786213337,0.409618823844246,1.818833177411573,0.0678372615624374,0.4187245787052889,1.397672484428661,50,0.7858821243099887
Primate_TP53.3.codon.fas.FEL.json,0.6061867449709709,1.533413929571278,1.171466053709485,0.7867399832547406,0.3750877069173262,1.717790500814548,0.7690737188057147,2.52960649881038,6.2083920821064,51,0.7724684287306246
Primate_TP53.3.codon.fas.FEL.json,2.733904568444986e-07,0.2509968544769233,0.1792029226238885,0.6667668123854185,0.4141811195687778,0.2627759269905916,1451.333548761748,10000.0,10000.0,52,0.7858821243099887
Primate_TP53.3.codon.fas.FEL.json,7.788821994566694,0.562720916325238,0.8885388037996362,4.270293589863883,0.0387842288730131,1.302917410145163,0.0178241441398816,0.0722472431283934,0.1905516926339035,53,0.3805567118678611
Primate_TP53.3.codon.fas.FEL.json,3.440568479264251e-06,1.028702992411084,0.5749738639820069,2.254886963741143,0.1331931810293941,0.8431184485776536,3743.584362799873,10000.0,10000.0,54,0.5475719664541757
Primate_TP53.3.codon.fas.FEL.json,0.0,0.0,0.0,0.0,1.0,0.0,0.0,0.0,0.0,55,1.0
Primate_TP53.3.codon.fas.FEL.json,9.430467662271264e-06,1.371963647920778,0.8779348647226495,2.521127915968599,0.1123302127871704,1.2873682222195,5079.858455062616,10000.0,10000.0,56,0.5105787275964035
Primate_TP53.3.codon.fas.FEL.json,0.9081056266672832,0.8727370279748701,0.8838863622835603,0.0010188103947399,0.9745367985363964,1.296095257837289,0.1559906759762114,0.961052329537683,3.187264634521151,57,1.0
Primate_TP53.3.codon.fas.FEL.json,3.490039859810827,1.33406951962558,2.05871863114233,1.328565957652074,0.2490604957508372,3.018821840571436,0.0917749215984638,0.3822505109434168,1.092656821736996,58,0.7372190674224781
Primate_TP53.3.codon.fas.FEL.json,2.178228535971404,0.8490613294757722,1.337630882898355,1.001806878750358,0.3168736907960592,1.961447894254391,0.0634562867251496,0.3897944203072908,1.282356912794014,59,0.7564081651260768
Primate_TP53.3.codon.fas.FEL.json,9.707695746257317e-07,1.71999231929299,1.140129459221281,4.14234807906918,0.0418231174784625,1.671839784471329,6797.263856539216,10000.0,10000.0,60,0.3805567118678611
Primate_TP53.3.codon.fas.FEL.json,0.6346044536726023,0.8652130189643411,0.7683467102058473,0.0675246813189431,0.7949755344050697,1.126672579153564,0.2214885244778433,1.363389453000454,4.55032032334455,61,1.0
Primate_TP53.3.codon.fas.FEL.json,3.260303714199255,0.9562821482141156,1.723725718787094,1.602952959545057,0.2054852349208978,2.52760176563896,0.0480523808331499,0.2933107563106226,0.9602257652365,62,0.724090827816497
Primate_TP53.3.codon.fas.FEL.json,1.374826351948154,1.626401982975156,1.535145747439375,0.0338707480083968,0.8539820190995584,2.251075713177412,0.3548409477384598,1.18298720465353,2.997429858028803,63,1.0
Primate_TP53.3.codon.fas.FEL.json,0.6281511104393834,0.83083345118792,0.7491798495301216,0.0525894902242996,0.8186171126170483,1.098567068887227,0.2155934120564374,1.322664940617176,4.348998820150232,64,1.0
Primate_TP53.3.codon.fas.FEL.json,0.83251584678079,0.4225985211490941,0.55819483522782,0.2151650434441805,0.6427488683642455,0.8185143585866822,0.0285510959162309,0.5076161886686208,2.355478466917939,65,1.0
Primate_TP53.3.codon.fas.FEL.json,3.15982200215289,0.4185714278160378,1.263891411676248,3.666732109758158,0.055508918263656,1.853319312295638,0.0074293974532922,0.1324667742457807,0.61263133764719,66,0.3805567118678611
Primate_TP53.3.codon.fas.FEL.json,5.433909771440805e-07,1.299961161915443,0.8472231672307295,2.453071979802196,0.1172951130964711,1.242333829589464,5260.291936475208,10000.0,10000.0,67,0.5105787275964035
Primate_TP53.3.codon.fas.FEL.json,3.083955812370159e-05,0.5606293353091085,0.3889033316264239,1.44440637061372,0.2294276228225552,0.5702721360875845,2518.562327996528,10000.0,10000.0,68,0.7253364612039174
Primate_TP53.3.codon.fas.FEL.json,2.162950409747149,2.427173330208229,2.314565328694131,0.0224904024384642,0.8807898582863338,3.39398510315817,0.380672700135231,1.122158566035718,2.753809353668223,69,1.0
Primate_TP53.3.codon.fas.FEL.json,2.615805264607463,1.27822295931005,1.807467549418053,0.7844111091311419,0.3757954518148985,2.650397403398307,0.1167060298791829,0.4886537146341683,1.379057581248149,70,0.7724684287306246
Primate_TP53.3.codon.fas.FEL.json,1.249865037887653,2.088349277398739e-06,0.5002911040457764,3.635216665652539,0.0565692409533307,0.7336066661518312,0.0,1.670859824136031e-06,0.6467962626361738,71,0.3805567118678611
Primate_TP53.3.codon.fas.FEL.json,1.621063893358141,0.8404985162725589,1.114272367838499,0.4092982923293746,0.5223258794946598,1.633923990142173,0.0841974314462361,0.5184857424289494,1.705155054772356,72,0.8784571609682914
Primate_TP53.3.codon.fas.FEL.json,1.441580135095727,1.204765684729526,1.28560176939951,0.0359363285633804,0.8496470406754866,1.885154503890147,0.2055612900400316,0.835725781313936,2.261203562303508,73,1.0
Primate_TP53.3.codon.fas.FEL.json,0.0,0.0,0.0,0.0,1.0,0.0,0.0,0.0,0.0,74,1.0
Primate_TP53.4.codon.fas.FEL.json,0.0,0.0,0.0,0.0,1.0,0.0,0.0,0.0,0.0,1,1.0
Primate_TP53.4.codon.fas.FEL.json,1.635974544663105,0.6085006620776953,0.8850490817161542,0.4276847322237387,0.5131272071638444,1.030827814505393,0.0207597659892228,0.3719499573283418,1.796499536382752,2,0.8974893372513185
Primate_TP53.4.codon.fas.FEL.json,1.550215885140548e-05,3.468258232897624,2.317313951570051,5.106253653070297,0.0238397448914246,2.699004750773713,7176.216968102905,10000.0,10000.0,3,0.1988035532110906
Primate_TP53.4.codon.fas.FEL.json,0.0,0.0,0.0,0.0,1.0,0.0,0.0,0.0,0.0,4,1.0
Primate_TP53.4.codon.fas.FEL.json,2.10556753610425,1.47582205554738e-06,0.6394996810068054,4.649669042491677,0.0310595352206087,0.7448333342947406,0.0,7.009141384645236e-07,0.4267356065911895,5,0.240711397959718
Primate_TP53.4.codon.fas.FEL.json,0.6828767680721207,2.55436539378386e-10,0.3236449120694493,1.47124591957785,0.2251492185767284,0.3769533060668574,0.0,3.7405949553610907e-10,1.769799387460016,6,0.5063145519031977
Primate_TP53.4.codon.fas.FEL.json,0.0,0.0,0.0,0.0,1.0,0.0,0.0,0.0,0.0,7,1.0
Primate_TP53.4.codon.fas.FEL.json,1.046886235300812,3.278791478791646e-07,0.2993758955263338,2.463128922050352,0.116546413610643,0.3486868767804438,0.0,3.131946307279051e-07,0.7832252820596735,8,0.3504179775111232
Primate_TP53.4.codon.fas.FEL.json,9.122918512385719e-10,0.4413602790738725,0.273114997997256,0.9610248420640062,0.3269288046352533,0.3181004786178036,1465.005475984579,10000.0,10000.0,9,0.6469016772569905
Primate_TP53.4.codon.fas.FEL.json,0.0,0.0,0.0,0.0,1.0,0.0,0.0,0.0,0.0,10,1.0
Primate_TP53.4.codon.fas.FEL.json,0.7185692657186727,5.279852837243221e-07,0.2809414233691992,1.865872864558812,0.1719485149719669,0.3272160148385815,0.0,7.347729841969525e-07,1.250418424063655,11,0.410487560010811
Primate_TP53.4.codon.fas.FEL.json,1.15673245174692,8.321985613890496e-07,0.3090868456501469,2.613535222944645,0.1059553221116399,0.3599973427192262,0.0,7.194391063657351e-07,0.7088627279342655,12,0.3504179775111232
Primate_TP53.4.codon.fas.FEL.json,0.0,0.0,0.0,0.0,1.0,0.0,0.0,0.0,0.0,13,1.0
Primate_TP53.4.codon.fas.FEL.json,2.220923495027961,0.3697926695958798,0.8330958247329625,2.233559888617563,0.1350423922109947,0.9703172016379406,0.0094563083687935,0.166504010797195,0.7497902322588604,14,0.3657944410375487
Primate_TP53.4.codon.fas.FEL.json,0.983173389733772,4.872588446451771e-07,0.2839686692257029,2.459817488750591,0.1167923521109648,0.3307418862220976,0.0,4.955980803926348e-07,0.7905746512286708,15,0.3504179775111232
Primate_TP53.4.codon.fas.FEL.json,0.0,0.0,0.0,0.0,1.0,0.0,0.0,0.0,0.0,16,1.0
Primate_TP53.4.codon.fas.FEL.json,0.9100849292894267,1.84127250508013,1.532152470406378,0.4227085097149441,0.5155886354076156,1.784517282923495,0.6131119567569102,2.023187557360996,4.97343225645458,17,0.8974893372513185
Primate_TP53.4.codon.fas.FEL.json,1.027321672408577,4.015773519710644e-07,0.2765167133303222,2.592039267578787,0.1074019739917463,0.3220624993178926,0.0,3.90897381761214e-07,0.7189076637044041,18,0.3504179775111232
Primate_TP53.4.codon.fas.FEL.json,0.0002792315538487,1.132147149058646,0.8888985962199234,1.3006196103203,0.2541000757353149,1.03531139254056,971.6762476232958,4054.510077582227,10000.0,19,0.5538587588293192
Primate_TP53.4.codon.fas.FEL.json,3.7702207354082,1.355348098380274e-05,0.641817534897327,6.587995253771641,0.0102668723378847,0.7475329679192125,0.0,3.59487731222594e-06,0.2049880050125066,20,0.1405880544738467
Primate_TP53.4.codon.fas.FEL.json,0.0,0.0,0.0,0.0,1.0,0.0,0.0,0.0,0.0,21,1.0
Primate_TP53.4.codon.fas.FEL.json,0.0,0.0,0.0,0.0,1.0,0.0,0.0,0.0,0.0,22,1.0
Primate_TP53.4.codon.fas.FEL.json,0.7492393037096905,7.188346049314275e-07,0.2598069384418222,2.1016848255026,0.1471369292407899,0.3026004140109516,0.0,9.594192421196792e-07,1.033026765449464,23,0.3909638405540988
Primate_TP53.4.codon.fas.FEL.json,1.570592050819711,1.769514274776472e-06,0.6688524065824833,3.3651952779081,0.0665876892570951,0.7790208235312488,0.0,1.126654291834051e-06,0.7235096866645735,24,0.3427528735976948
Primate_TP53.4.codon.fas.FEL.json,0.0,0.0,0.0,0.0,1.0,0.0,0.0,0.0,0.0,25,1.0
Primate_TP53.4.codon.fas.FEL.json,0.0,0.0,0.0,0.0,1.0,0.0,0.0,0.0,0.0,26,1.0
Primate_TP53.4.codon.fas.FEL.json,2.498180334102599,4.20949035370451e-07,1.030571831241022,5.028081214871683,0.0249395138436852,1.200319994038149,0.0,1.685022612755716e-07,0.470136108685446,27,0.1988035532110906
Primate_TP53.4.codon.fas.FEL.json,1.395137769692005e-06,1.258146974585777,0.8463583285033974,2.310980061815783,0.1284630295812456,0.9857642068481348,5242.536787477248,10000.0,10000.0,28,0.3548632203283913
Primate_TP53.4.codon.fas.FEL.json,0.0,0.0,0.0,0.0,1.0,0.0,0.0,0.0,0.0,29,1.0
Primate_TP53.4.codon.fas.FEL.json,3.781031592198731,3.168832710819543e-08,0.8870587193690792,8.47563510101364,0.0035993469891467,1.033168464795313,0.0,8.380868113764729e-09,0.1968588140705848,30,0.1115797566635498
Primate_TP53.4.codon.fas.FEL.json,0.6481160219449013,2.448271419510762e-07,0.2479730350974608,1.92306818264834,0.1655188200568528,0.2888173177131935,0.0,3.777520284352574e-07,1.199254373388499,31,0.4100869800142846
Primate_TP53.4.codon.fas.FEL.json,0.0,0.0,0.0,0.0,1.0,0.0,0.0,0.0,0.0,32,1.0
Primate_TP53.4.codon.fas.FEL.json,0.0,0.0,0.0,0.0,1.0,0.0,0.0,0.0,0.0,33,1.0
Primate_TP53.4.codon.fas.FEL.json,0.0,0.0,0.0,0.0,1.0,0.0,0.0,0.0,0.0,34,1.0
Primate_TP53.4.codon.fas.FEL.json,1.252143459461397,4.097567412370278e-07,0.3061977319777239,2.686771942300545,0.1011846141807972,0.3566323556305706,0.0,3.27244245170823e-07,0.6426594947097227,35,0.3504179775111232
Primate_TP53.4.codon.fas.FEL.json,1.127478748333072,6.667327879237967e-07,0.3027829400267945,2.72077566815387,0.0990498710807659,0.352655104428929,0.0,5.91348430211684e-07,0.6893939295490301,36,0.3504179775111232
Primate_TP53.4.codon.fas.FEL.json,0.0,0.0,0.0,0.0,1.0,0.0,0.0,0.0,0.0,37,1.0
Primate_TP53.4.codon.fas.FEL.json,0.0,0.0,0.0,0.0,1.0,0.0,0.0,0.0,0.0,38,1.0
Primate_TP53.4.codon.fas.FEL.json,1.834764772145858,3.236377682252855e-07,0.3263236303261778,3.401831399039228,0.0651240762115954,0.3800732429644867,0.0,1.763919675909045e-07,0.4212222589549171,39,0.3427528735976948
Primate_TP53.4.codon.fas.FEL.json,0.983173389733772,4.872588446451771e-07,0.294698748433448,2.384000006236317,0.1225833114631178,0.3432393446429821,0.0,4.955980803926348e-07,0.8340084578001011,40,0.3525849886413388
Primate_TP53.4.codon.fas.FEL.json,8.457102420284012e-07,0.4733485542137467,0.2808172430539004,1.041111152806717,0.3075631879838984,0.3270713804610439,1442.510166007472,10000.0,10000.0,41,0.6218125322283163
Primate_TP53.4.codon.fas.FEL.json,1.164601446424049,2.40391131780128,2.048747819205588,0.4703559468333083,0.4928234619746525,2.386202393260831,0.7188108947379513,2.064149349275305,4.717051776690364,42,0.8974893372513185
Primate_TP53.4.codon.fas.FEL.json,2.361024690495659,5.573789634551495e-07,0.6313801625199207,5.055266945434838,0.024551199763205,0.735376428830874,0.0,2.360750252629238e-07,0.3619835712908351,43,0.1988035532110906
Primate_TP53.4.codon.fas.FEL.json,0.0,0.0,0.0,0.0,1.0,0.0,0.0,0.0,0.0,44,1.0
Primate_TP53.4.codon.fas.FEL.json,0.0,0.0,0.0,0.0,1.0,0.0,0.0,0.0,0.0,45,1.0
Primate_TP53.4.codon.fas.FEL.json,0.0,0.0,0.0,0.0,1.0,0.0,0.0,0.0,0.0,46,1.0
Primate_TP53.4.codon.fas.FEL.json,0.0,0.0,0.0,0.0,1.0,0.0,0.0,0.0,0.0,47,1.0
Primate_TP53.4.codon.fas.FEL.json,0.0,0.0,0.0,0.0,1.0,0.0,0.0,0.0,0.0,48,1.0
Primate_TP53.4.codon.fas.FEL.json,2.405668890773255,1.821352275575537e-07,0.4098115930399139,3.403765915143769,0.0650477531153596,0.4773127248413906,0.0,7.571084626654915e-08,0.4059871553545398,49,0.3427528735976948
Primate_TP53.4.codon.fas.FEL.json,0.6955865048464691,3.45808472919466e-06,0.3263963141524883,1.49061970024113,0.2221203348131239,0.3801578987325941,0.0,4.97146610105372e-06,1.736142514236173,50,0.5038339301858664
Primate_TP53.4.codon.fas.FEL.json,4.294881228033198,2.985896166797284e-08,1.237554022079591,9.447798030471825,0.0021140274689808,1.441394759078229,0.0,6.952220581346899e-09,0.1982383179021092,51,0.0806574832887008
Primate_TP53.4.codon.fas.FEL.json,2.572754897856008,3.866432348924836e-08,0.3095717861228472,4.06784336937006,0.0437070431095811,0.3605621589966123,0.0,1.50283742619513e-08,0.2688409333007102,52,0.3295747304749499
Primate_TP53.4.codon.fas.FEL.json,0.0,0.0,0.0,0.0,1.0,0.0,0.0,0.0,0.0,53,1.0
Primate_TP53.4.codon.fas.FEL.json,1.657193612827544,1.228576326827513e-06,0.28053922383403,3.434928759892536,0.0638313380158112,0.3267475679734316,0.0,7.413595595093359e-07,0.4003858335322812,54,0.3427528735976948
Primate_TP53.4.codon.fas.FEL.json,5.128858014369295,3.386709471283926e-05,1.324358470258208,9.908833421888538,0.00164487349593,1.542496993354098,0.0,6.603242791661479e-06,0.1751976015630628,55,0.0764866175607454
Primate_TP53.4.codon.fas.FEL.json,1.372523618983988,3.808259998801834e-07,0.3195367974545115,2.911349160956608,0.087958265596472,0.3721685332246071,0.0,2.774640775669056e-07,0.5863099460155503,56,0.3504179775111232
Primate_TP53.4.codon.fas.FEL.json,0.0,0.0,0.0,0.0,1.0,0.0,0.0,0.0,0.0,57,1.0
Primate_TP53.4.codon.fas.FEL.json,0.6656914808454918,1.6681721241188e-06,0.3202682030603782,1.44918865266726,0.2286581847304764,0.3730204105473321,0.0,2.505923798213645e-06,1.814086064017086,58,0.5063145519031977
Primate_TP53.4.codon.fas.FEL.json,0.0,0.0,0.0,0.0,1.0,0.0,0.0,0.0,0.0,59,1.0
Primate_TP53.4.codon.fas.FEL.json,3.383151712281699,0.4500762757594159,1.26362092415045,3.454389893562919,0.0630840122851361,1.471755208286907,0.0075411508159557,0.1330346121119916,0.5953379237266007,60,0.3427528735976948
Primate_TP53.4.codon.fas.FEL.json,1.314552510995962,2.128703794906853e-06,0.2828571018893496,2.993071958748189,0.083621396316225,0.3294472297429484,0.0,1.619337209507176e-06,0.53895800256558,61,0.3504179775111232
Primate_TP53.4.codon.fas.FEL.json,0.0,0.0,0.0,0.0,1.0,0.0,0.0,0.0,0.0,62,1.0
Primate_TP53.4.codon.fas.FEL.json,0.706571959387977,1.371428666537651,1.120972416992683,0.3157434338606393,0.5741769849572602,1.305610695046163,0.474534760730198,1.940961070299993,5.2865715438244,63,0.9768010902626562
Primate_TP53.4.codon.fas.FEL.json,0.0,0.0,0.0,0.0,1.0,0.0,0.0,0.0,0.0,64,1.0
Primate_TP53.4.codon.fas.FEL.json,13.09075748763726,1.139635017203604e-09,2.94965414009621,21.33875441200108,3.848717706089744e-06,3.435499333987574,0.0,8.705646088699303e-11,0.0685912563805228,65,0.001073792239999
Primate_TP53.4.codon.fas.FEL.json,4.898752676723873,0.9795454019808976,2.22949330804249,3.687896591286986,0.0548086938731856,2.596718940973837,0.0327372411521939,0.1999581253887644,0.6422407465909343,66,0.3427528735976948
Primate_TP53.4.codon.fas.FEL.json,1.198005566458345,3.472647147627752e-06,0.2857168247369101,2.797295583610271,0.0944234511551318,0.3327779849676486,0.0,2.898690327369608e-06,0.6164409903692267,67,0.3504179775111232
Primate_TP53.4.codon.fas.FEL.json,1.491576972912206,0.7504257369444812,0.90195217353433,0.2710205628642228,0.6026479904086608,1.050515058475555,0.0823427201437587,0.5031089582184448,1.631225676029225,68,1.0
Primate_TP53.4.codon.fas.FEL.json,1.043835016518002,1.74348422097544e-06,0.2866596579521858,2.539850095654536,0.1110053249184345,0.3338761146904218,0.0,1.670267995790475e-06,0.7414890359837553,69,0.3504179775111232
Primate_TP53.4.codon.fas.FEL.json,1.182296986433407,0.4545526418137394,0.6522013042969542,0.4268551610582421,0.5135361212955609,0.7596270749440915,0.0220956208810785,0.3844657028053266,1.696001890728172,70,0.8974893372513185
Primate_TP53.4.codon.fas.FEL.json,3.188652433060394,9.967971337971385e-08,0.8658739104529175,7.529181400030879,0.0060707485778462,1.008494250984011,0.0,3.1260764687370964e-08,0.2428695214721471,71,0.1275812150547792
Primate_TP53.4.codon.fas.FEL.json,0.0,0.0,0.0,0.0,1.0,0.0,0.0,0.0,0.0,72,1.0
Primate_TP53.4.codon.fas.FEL.json,0.0,0.0,0.0,0.0,1.0,0.0,0.0,0.0,0.0,73,1.0
Primate_TP53.4.codon.fas.FEL.json,0.0,0.0,0.0,0.0,1.0,0.0,0.0,0.0,0.0,74,1.0
Primate_TP53.4.codon.fas.FEL.json,0.0,0.0,0.0,0.0,1.0,0.0,0.0,0.0,0.0,75,1.0
Primate_TP53.4.codon.fas.FEL.json,4.021708788462155,3.358278839657476e-07,0.6593484780696061,6.922773628005221,0.0085104876372489,0.7679514782705906,0.0,8.350377952008888e-08,0.1921660330392014,76,0.1319125583773584
Primate_TP53.4.codon.fas.FEL.json,0.0,0.0,0.0,0.0,1.0,0.0,0.0,0.0,0.0,77,1.0
Primate_TP53.4.codon.fas.FEL.json,4.321867937157711,2.053754652121157e-06,0.8005748731358187,6.394378729421138,0.0114482288473744,0.9324396396438468,0.0,4.7520069608416e-07,0.2238794448975296,78,0.1405880544738467
Primate_TP53.4.codon.fas.FEL.json,0.0,0.0,0.0,0.0,1.0,0.0,0.0,0.0,0.0,79,1.0
Primate_TP53.4.codon.fas.FEL.json,1.30990694954081,1.607403520739392e-06,0.3513777448166986,2.58464044247814,0.1079049090022673,0.4092540857201817,0.0,1.227112751255248e-06,0.7179877770926792,80,0.3504179775111232
Primate_TP53.4.codon.fas.FEL.json,6.515591822002844e-07,0.3877528047673504,0.3073818023488973,0.4625605146710896,0.4964297383627035,0.3580114573077007,1443.804137130996,10000.0,10000.0,81,0.8974893372513185
Primate_TP53.4.codon.fas.FEL.json,0.0,0.0,0.0,0.0,1.0,0.0,0.0,0.0,0.0,82,1.0
Primate_TP53.4.codon.fas.FEL.json,10.1988387498181,3.545287428356059e-09,1.987284753825637,18.62253124564529,1.593263537991163e-05,2.314615586757892,0.0,3.4761677435279485e-10,0.0762274305448068,83,0.0014817350903317
Primate_TP53.4.codon.fas.FEL.json,4.283226796641525,7.138197164578645e-07,0.6307963977232923,7.309472711988441,0.006859205110472,0.7346965106185114,0.0,1.666546625589777e-07,0.1685326944852081,84,0.1275812150547792
Primate_TP53.4.codon.fas.FEL.json,11.02985609119531,1.513495437279623e-07,2.032060767693856,18.68796605420047,1.53951035070099e-05,2.366766774157059,0.0,1.3721805840130462e-08,0.0729068134333605,85,0.0014817350903317
Primate_TP53.4.codon.fas.FEL.json,1.241986301795268,2.950497179782019e-06,0.3098237988836033,2.744996071975205,0.0975593170152177,0.3608556814336888,0.0,2.375627795183515e-06,0.6479145234206521,86,0.3504179775111232
Primate_TP53.4.codon.fas.FEL.json,0.0,0.0,0.0,0.0,1.0,0.0,0.0,0.0,0.0,87,1.0
Primate_TP53.4.codon.fas.FEL.json,0.0,0.0,0.0,0.0,1.0,0.0,0.0,0.0,0.0,88,1.0
Primate_TP53.4.codon.fas.FEL.json,3.765519092168542,1.899823630553939e-07,0.5648066952195023,7.038717224731357,0.0079766142104529,0.657837472835046,0.0,5.0453166855670925e-08,0.1762382279054335,89,0.1309103155715509
Primate_TP53.4.codon.fas.FEL.json,0.0,0.0,0.0,0.0,1.0,0.0,0.0,0.0,0.0,90,1.0
Primate_TP53.4.codon.fas.FEL.json,0.0,0.0,0.0,0.0,1.0,0.0,0.0,0.0,0.0,91,1.0
Primate_TP53.4.codon.fas.FEL.json,2.295202036884804,1.995375118993783e-07,0.5749716446818485,5.43691399362622,0.0197154729804243,0.6696767175224826,0.0,8.693679627881621e-08,0.3237640170712968,92,0.1774392568238187
Primate_TP53.4.codon.fas.FEL.json,0.0,0.0,0.0,0.0,1.0,0.0,0.0,0.0,0.0,93,1.0
Primate_TP53.4.codon.fas.FEL.json,1.057580738329137,7.455674789747488e-09,0.2876035841691333,2.557641005113382,0.1097622562288521,0.334975517446011,0.0,7.04974525304484e-09,0.7318628105142313,94,0.3504179775111232
Primate_TP53.4.codon.fas.FEL.json,0.0,0.0,0.0,0.0,1.0,0.0,0.0,0.0,0.0,95,1.0
Primate_TP53.4.codon.fas.FEL.json,2.478668934562195,5.259109502601942e-06,0.9403690862803584,5.677684417301563,0.0171820296460885,1.095259720691626,0.0,2.121747454559055e-06,0.3967362566156493,96,0.1653029748709893
Primate_TP53.4.codon.fas.FEL.json,1.114777520304514,0.3684120587298869,0.5543232721497648,0.5719023524662781,0.4495039609894557,0.6456272979252452,0.0187522020162556,0.3304803443015704,1.49428488377954,97,0.8250763494477509
Primate_TP53.4.codon.fas.FEL.json,3.108581277660384,0.321198964622604,0.7970555961772011,3.396041199955299,0.065353090558462,0.9283406934375458,0.0058817259524017,0.1033265454343689,0.466467591868533,98,0.3427528735976948
Primate_TP53.4.codon.fas.FEL.json,0.9255501661559284,0.3701309341714674,0.529565928976273,0.3943404002530997,0.530026681139701,0.6167921084609445,0.0227096868964503,0.399903698044511,1.815219079869942,99,0.907223583055071
Primate_TP53.4.codon.fas.FEL.json,0.7075954019241341,4.413385739428945e-06,0.2480174625671748,2.080566288958678,0.1491848210861637,0.2888690629468257,0.0,6.237160003340628e-06,1.051189868983343,100,0.3910073391526253
Primate_TP53.4.codon.fas.FEL.json,0.6747808215959493,6.092595121544207e-08,0.3215769963956434,1.459459377960897,0.2270161590142785,0.3745447786318846,0.0,9.028998641565394e-08,1.789666097237329,101,0.5063145519031977
Primate_TP53.4.codon.fas.FEL.json,1.127906622728482,5.959458895571579e-06,0.3127179195312514,2.511676766633581,0.1130056356263349,0.3642265002094624,0.0,5.28364562764535e-06,0.754849970703986,102,0.3504179775111232
Primate_TP53.4.codon.fas.FEL.json,0.0,0.0,0.0,0.0,1.0,0.0,0.0,0.0,0.0,103,1.0
Primate_TP53.4.codon.fas.FEL.json,0.7163175207631343,0.4705244641027473,0.5677528356679309,0.0863223880940395,0.768905600623387,0.6612688797280863,0.0371947652260883,0.6568657759501269,2.973491829376737,104,1.0
Primate_TP53.4.codon.fas.FEL.json,2.45194732337407,1.896051833560864e-07,0.4114240292336515,3.42800112065785,0.0640996393304929,0.479190749588218,0.0,7.732840813854636e-08,0.3986386955810962,105,0.3427528735976948
Primate_TP53.4.codon.fas.FEL.json,0.9305928636547488,5.4591997624791224e-09,0.2702480627679537,2.442844395849598,0.1180619709177261,0.3147613230412341,0.0,5.866367533745124e-09,0.798283700944382,106,0.3504179775111232
Primate_TP53.4.codon.fas.FEL.json,0.7492393037096905,7.188346049314275e-07,0.2751935139182813,1.985628057430283,0.1587987561239792,0.320521352294245,0.0,9.594192421196792e-07,1.130190976158845,107,0.4087959409480416
Primate_TP53.4.codon.fas.FEL.json,0.0,0.0,0.0,0.0,1.0,0.0,0.0,0.0,0.0,108,1.0
Primate_TP53.4.codon.fas.FEL.json,0.7748190012778327,1.154832339893899e-06,0.3028030628280579,1.864207798956134,0.1721399445206627,0.3526785417090488,0.0,1.490454335773061e-06,1.256629004137719,109,0.410487560010811
Primate_TP53.4.codon.fas.FEL.json,0.0,0.0,0.0,0.0,1.0,0.0,0.0,0.0,0.0,110,1.0
Primate_TP53.4.codon.fas.FEL.json,0.0,0.0,0.0,0.0,1.0,0.0,0.0,0.0,0.0,111,1.0
Primate_TP53.4.codon.fas.FEL.json,1.499344990390217,0.4023209951757913,0.7883753730997066,1.21950523031196,0.2694577726770849,0.9182307282737576,0.0151690394666502,0.2683311697804012,1.216454017159152,112,0.5738833479153181
Primate_TP53.4.codon.fas.FEL.json,0.0,0.0,0.0,0.0,1.0,0.0,0.0,0.0,0.0,113,1.0
Primate_TP53.4.codon.fas.FEL.json,1.549190929434305,8.467656062550145e-09,0.6700331874423194,3.251611169562398,0.0713532875789223,0.7803960938730862,0.0,5.465856984872842e-09,0.7541425802853055,114,0.3432339178365402
Primate_TP53.4.codon.fas.FEL.json,0.7515533797636456,1.919310980281574,1.466905238573151,0.7796180608281631,0.3772579758603266,1.708523010082994,0.7742494921658932,2.553791962036248,6.30502609397292,115,0.7360487780771408
Primate_TP53.4.codon.fas.FEL.json,0.0,0.0,0.0,0.0,1.0,0.0,0.0,0.0,0.0,116,1.0
Primate_TP53.4.codon.fas.FEL.json,2.193491465153583,7.501417110218893e-06,0.3159800307927544,3.763751893094959,0.0523749324714936,0.3680259222887987,0.0,3.419852426776441e-06,0.3297818836518249,117,0.3427528735976948
Primate_TP53.4.codon.fas.FEL.json,0.0,0.0,0.0,0.0,1.0,0.0,0.0,0.0,0.0,118,1.0
Primate_TP53.4.codon.fas.FEL.json,2.779535982012142,1.203018672688828,1.806245824475567,0.7918089037140561,0.3735537126923242,2.103757265182704,0.0713710082332139,0.4328127717986753,1.387005196666518,119,0.7339541256419608
Primate_TP53.4.codon.fas.FEL.json,0.0,0.0,0.0,0.0,1.0,0.0,0.0,0.0,0.0,120,1.0
Primate_TP53.4.codon.fas.FEL.json,1.430633044025119,1.873640445302357e-07,0.2897230862519108,3.14329143914699,0.0762398088733832,0.3374441282213509,0.0,1.309658303453433e-07,0.4947866069661075,121,0.3504179775111232
Primate_TP53.4.codon.fas.FEL.json,6.140207763050391e-06,0.943680305347186,0.6222429827462178,1.881712303332641,0.1701396609331575,0.7247342404466937,3739.807014660028,10000.0,10000.0,122,0.410487560010811
Primate_TP53.4.codon.fas.FEL.json,5.599963822806226e-09,0.3494706956301912,0.2825072988356607,0.4301147950195485,0.5119326254968499,0.3290398097198214,1464.829085695678,10000.0,10000.0,123,0.8974893372513185
Primate_TP53.4.codon.fas.FEL.json,0.0,0.0,0.0,0.0,1.0,0.0,0.0,0.0,0.0,124,1.0
Primate_TP53.4.codon.fas.FEL.json,0.9236967767198696,8.308710064584703e-07,0.2566764101065447,2.528187740324565,0.1118285859911843,0.2989542482233505,0.0,8.995062312645152e-07,0.7489917039141695,125,0.3504179775111232
Primate_TP53.4.codon.fas.FEL.json,0.0,0.0,0.0,0.0,1.0,0.0,0.0,0.0,0.0,126,1.0
Primate_TP53.4.codon.fas.FEL.json,1.314552510995962,2.128703794906853e-06,0.2928118905245144,2.923875935575349,0.0872779891223861,0.3410416974675545,0.0,1.619337209507176e-06,0.5637857340527643,127,0.3504179775111232
Primate_TP53.4.codon.fas.FEL.json,2.427128024113072,5.563143818635859e-07,0.5003599221119251,6.13577659976886,0.0132473350009901,0.5827755043557493,0.0,2.292068553190044e-07,0.2534348894845695,128,0.1492670286050844
Primate_TP53.4.codon.fas.FEL.json,0.0,0.0,0.0,0.0,1.0,0.0,0.0,0.0,0.0,129,1.0
Primate_TP53.4.codon.fas.FEL.json,1.373599075265168,6.131650020025139e-07,0.3174039325227683,2.890473344224354,0.0891047429456682,0.3696843585707441,0.0,4.463929927181588e-07,0.5858253988313881,130,0.3504179775111232
Primate_TP53.4.codon.fas.FEL.json,0.0,0.0,0.0,0.0,1.0,0.0,0.0,0.0,0.0,131,1.0
Primate_TP53.4.codon.fas.FEL.json,1.051837406459078,1.081644338024693e-06,0.3196096759788322,2.348468136884826,0.125406186608001,0.3722534157599396,0.0,1.02833796495787e-06,0.8542337136808346,132,0.3534174349861846
Primate_TP53.4.codon.fas.FEL.json,1.076198468315441,1.69809573433588e-06,0.2905760927721528,2.604525679987027,0.106559034792992,0.3384376356608648,0.0,1.577864849588465e-06,0.7181334307029847,133,0.3504179775111232
Primate_TP53.4.codon.fas.FEL.json,1.927512334634611,8.569036128608895e-07,0.311196817941334,3.580013835271778,0.0584786642305053,0.3624548540262532,0.0,4.445645288300208e-07,0.3748476368549291,134,0.3427528735976948
Primate_TP53.4.codon.fas.FEL.json,2.847960177430361,1.390998530015308e-05,0.7006727729209069,5.5278114514132,0.0187165023396881,0.8160824050491854,0.0,4.884192345942031e-06,0.3154463168275212,135,0.1740634717590996
Primate_TP53.4.codon.fas.FEL.json,0.7096882392754477,1.00878978172819e-06,0.2791454783961092,1.849084545862599,0.1738899047096349,0.3251242551047682,0.0,1.421454838758648e-06,1.26606675359946,136,0.4111464696100689
Primate_TP53.4.codon.fas.FEL.json,0.0,0.0,0.0,0.0,1.0,0.0,0.0,0.0,0.0,137,1.0
Primate_TP53.4.codon.fas.FEL.json,5.090955018100024,2.367661148556833e-07,1.421027872903742,11.6121219593989,0.000655233525984,1.65508906436717,0.0,4.65072101430678e-08,0.1581012045158825,138,0.0365620307499109
Primate_TP53.4.codon.fas.FEL.json,0.0,0.0,0.0,0.0,1.0,0.0,0.0,0.0,0.0,139,1.0
Primate_TP53.4.codon.fas.FEL.json,0.7075954019241341,4.413385739428945e-06,0.2639557451984365,1.954035804364199,0.1621526174409588,0.3074325815032145,0.0,6.237160003340628e-06,1.158750966649522,140,0.4087959409480416
Primate_TP53.4.codon.fas.FEL.json,1.562684591661169,5.28814258011356e-06,0.2926633317416837,3.259623489606085,0.0710054280466023,0.3408686691817854,0.0,3.384011468681691e-06,0.4525575377387567,141,0.3432339178365402
Primate_TP53.4.codon.fas.FEL.json,0.9187286239641128,1.893431846773382e-07,0.2507811938507103,2.577313927977222,0.1084054779004866,0.2920880155876927,0.0,2.060926150971152e-07,0.7291290838934877,142,0.3504179775111232
Primate_TP53.4.codon.fas.FEL.json,0.0,0.0,0.0,0.0,1.0,0.0,0.0,0.0,0.0,143,1.0
Primate_TP53.4.codon.fas.FEL.json,1.057790147728485,5.0586472136475165e-09,0.2889655334004826,2.554721349115781,0.1099652012169943,0.3365617968723416,0.0,4.782278625406496e-09,0.7348100798977671,144,0.3504179775111232
Primate_TP53.4.codon.fas.FEL.json,1.322959566733093,4.842024237866877e-06,0.2766426026458306,3.058412154555626,0.0803201234103414,0.3222091241895025,0.0,3.65999412198495e-06,0.5172900980273768,145,0.3504179775111232
Primate_TP53.4.codon.fas.FEL.json,0.0,0.0,0.0,0.0,1.0,0.0,0.0,0.0,0.0,146,1.0
Primate_TP53.4.codon.fas.FEL.json,1.744261521527417,2.171586709876822e-09,0.3199970093928025,3.276894116256234,0.0702617771358512,0.3727045478664593,0.0,1.2449891733982671e-09,0.4430775168295796,147,0.3432339178365402
Primate_TP53.4.codon.fas.FEL.json,0.0,0.0,0.0,0.0,1.0,0.0,0.0,0.0,0.0,148,1.0
Primate_TP53.4.codon.fas.FEL.json,0.0,0.0,0.0,0.0,1.0,0.0,0.0,0.0,0.0,149,1.0
Primate_TP53.4.codon.fas.FEL.json,0.0,0.0,0.0,0.0,1.0,0.0,0.0,0.0,0.0,150,1.0
Primate_TP53.4.codon.fas.FEL.json,0.0,0.0,0.0,0.0,1.0,0.0,0.0,0.0,0.0,151,1.0
Primate_TP53.4.codon.fas.FEL.json,0.0,0.0,0.0,0.0,1.0,0.0,0.0,0.0,0.0,152,1.0
Primate_TP53.4.codon.fas.FEL.json,0.0,0.0,0.0,0.0,1.0,0.0,0.0,0.0,0.0,153,1.0
Primate_TP53.4.codon.fas.FEL.json,1.055376292319184,2.580923413294481e-06,0.299895153847443,2.473532116680106,0.1157774866330777,0.3492916634881762,0.0,2.445500654200708e-06,0.7769358735519407,154,0.3504179775111232
Primate_TP53.4.codon.fas.FEL.json,1.624862740787533,1.836634833944804e-07,0.28003582165438,3.414893842357447,0.0646105690879241,0.3261612491133979,0.0,1.130332296901971e-07,0.40856038841334,155,0.3427528735976948
Primate_TP53.4.codon.fas.FEL.json,0.0,0.0,0.0,0.0,1.0,0.0,0.0,0.0,0.0,156,1.0
Primate_TP53.4.codon.fas.FEL.json,6.724331284996052,1.718954529549924e-06,1.506686019258528,14.38710931050976,0.000148817582228,1.754856186468772,0.0,2.556320408224701e-07,0.1097367643323715,157,0.0103800263604076
Primate_TP53.4.codon.fas.FEL.json,0.0,0.0,0.0,0.0,1.0,0.0,0.0,0.0,0.0,158,1.0
Primate_TP53.4.codon.fas.FEL.json,0.0,0.0,0.0,0.0,1.0,0.0,0.0,0.0,0.0,159,1.0
Primate_TP53.4.codon.fas.FEL.json,1.624862740787533,1.836634833944804e-07,0.2767901880776673,3.437306478828422,0.0637395273455699,0.3223810188011075,0.0,1.130332296901971e-07,0.4030702884416454,160,0.3427528735976948
Primate_TP53.4.codon.fas.FEL.json,2.266613911626763,2.984459235491531e-08,0.6267973120689588,5.10251665681578,0.0238911561164014,0.730038725180123,0.0,1.3167038374654492e-08,0.3679449762454963,161,0.1988035532110906
Primate_TP53.4.codon.fas.FEL.json,3.494292873414835,3.751507099001063e-06,0.9030624331859186,7.81320976734278,0.0051865701283463,1.051808191877786,0.0,1.073609807450073e-06,0.2238367421742127,162,0.1275812150547792
Primate_TP53.4.codon.fas.FEL.json,0.0,0.0,0.0,0.0,1.0,0.0,0.0,0.0,0.0,163,1.0
Primate_TP53.4.codon.fas.FEL.json,3.041436721568664,2.0098858595127633e-08,0.5630599888967694,6.393103531777662,0.011456455569101,0.6558030619775671,0.0,6.608343501804424e-09,0.224851103179321,164,0.1405880544738467
Primate_TP53.4.codon.fas.FEL.json,2.244373690909876,0.4492690329833805,0.9508837520597698,1.780652637460761,0.182069206803961,1.107506284378951,0.0112653375492819,0.2001756814397719,0.9005534436445369,165,0.4268681403218917
Primate_TP53.4.codon.fas.FEL.json,3.689395287560595,5.895264885522217e-07,0.8892896461955617,7.995175584454039,0.0046902151730225,1.035766853373272,0.0,1.59789462121315e-07,0.2106975373734034,166,0.1275812150547792
Primate_TP53.4.codon.fas.FEL.json,3.020210860325002,1.542526406948868e-06,0.5620423169361362,6.37258020930506,0.0115896962469479,0.6546177666253261,0.0,5.107346732681037e-07,0.2263370248781463,167,0.1405880544738467
Primate_TP53.4.codon.fas.FEL.json,0.0,0.0,0.0,0.0,1.0,0.0,0.0,0.0,0.0,168,1.0
Primate_TP53.4.codon.fas.FEL.json,2.009815858519737,3.10328275133634e-07,0.7538272418199253,5.801329901877061,0.016014057622345,0.8779920845667591,0.0,1.54406322259889e-07,0.3868177085290087,169,0.1595686455940814
Primate_TP53.4.codon.fas.FEL.json,0.7987911328854388,3.868339596938857e-06,0.3525533209137132,1.656685558037772,0.198051428044544,0.4106232940091961,0.0,4.842742286040933e-06,1.511875932879444,170,0.4529208887248178
Primate_TP53.4.codon.fas.FEL.json,0.0,0.0,0.0,0.0,1.0,0.0,0.0,0.0,0.0,171,1.0
Primate_TP53.4.codon.fas.FEL.json,1.657193612827544,1.228576326827513e-06,0.2953756775289517,3.341140241027901,0.0675677707809075,0.3440277724878424,0.0,7.413595595093359e-07,0.4265681540349153,172,0.3427528735976948
Primate_TP53.4.codon.fas.FEL.json,0.983173389733772,4.872588446451771e-07,0.294698748433448,2.384000006236317,0.1225833114631178,0.3432393446429821,0.0,4.955980803926348e-07,0.8340084578001011,173,0.3525849886413388
Primate_TP53.4.codon.fas.FEL.json,1.055519725884171,0.3365178526313146,0.512672461024986,0.6006840087409202,0.4383171647579007,0.5971160735297805,0.0181450984589181,0.3188172086025447,1.449584147013256,174,0.8098707878639357
Primate_TP53.4.codon.fas.FEL.json,0.0,0.0,0.0,0.0,1.0,0.0,0.0,0.0,0.0,175,1.0
Primate_TP53.4.codon.fas.FEL.json,0.7321215010907118,5.430465602261925e-08,0.2495008338771734,2.129662944026801,0.144472521269963,0.2905967641977221,0.0,7.417437671440654e-08,1.008737139691477,176,0.387575321483843
Primate_TP53.4.codon.fas.FEL.json,3.10473802431996,0.3454094491080755,0.8377905882405287,3.128735965617579,0.0769233624621754,0.9757852518354956,0.0063275363882562,0.1112523653855566,0.5043572258903893,177,0.3504179775111232
Primate_TP53.4.codon.fas.FEL.json,0.6883873878711014,0.5987773994518271,0.6405064662869,0.0087801117614176,0.925345682457416,0.7460059497930174,0.0494037316997681,0.8698262199480424,3.95405597023165,178,1.0
Primate_TP53.4.codon.fas.FEL.json,0.0,0.0,0.0,0.0,1.0,0.0,0.0,0.0,0.0,179,1.0
Primate_TP53.4.codon.fas.FEL.json,0.6455842852577308,1.456602338688832e-09,0.246237905925967,1.917861708219768,0.1660925761348178,0.2867963909096005,0.0,2.256254329529297e-09,1.198942843583208,180,0.4100869800142846
Primate_TP53.4.codon.fas.FEL.json,0.9924527964155716,4.026153161854249e-09,0.3025601005507647,2.360213707407905,0.1244651373351189,0.3523955604840713,0.0,4.056770434216572e-09,0.854764400650544,181,0.3534174349861846
Primate_TP53.4.codon.fas.FEL.json,1.745941649939994,9.98307817882624e-07,0.2790691774591509,3.528695199808833,0.0603152362564496,0.3250353864423241,0.0,5.717876183988938e-07,0.3751448552523374,182,0.3427528735976948
Primate_TP53.4.codon.fas.FEL.json,0.0,0.0,0.0,0.0,1.0,0.0,0.0,0.0,0.0,183,1.0
Primate_TP53.4.codon.fas.FEL.json,0.0,0.0,0.0,0.0,1.0,0.0,0.0,0.0,0.0,184,1.0
Primate_TP53.4.codon.fas.FEL.json,0.0,0.0,0.0,0.0,1.0,0.0,0.0,0.0,0.0,185,1.0
Primate_TP53.4.codon.fas.FEL.json,3.259676833691158,2.05220019770166e-06,0.6916796751215402,6.508792695973099,0.0107342362977775,0.805608030755526,0.0,6.295716730231234e-07,0.2468596526987256,186,0.1405880544738467
Primate_TP53.4.codon.fas.FEL.json,4.100733637492869,4.195936792089663e-09,1.169480173879757,9.283113866603102,0.0023127593774537,1.362108290548439,0.0,1.023216127408607e-09,0.1996742699755353,187,0.0806574832887008
Primate_TP53.4.codon.fas.FEL.json,0.7255328270512342,0.9420666962062334,0.8566042137564805,0.0472410039384811,0.8279356272231204,0.9976977184705969,0.2153512874213347,1.298448066140649,4.073396192120604,188,1.0
Primate_TP53.4.codon.fas.FEL.json,0.0,0.0,0.0,0.0,1.0,0.0,0.0,0.0,0.0,189,1.0
Primate_TP53.4.codon.fas.FEL.json,0.0,0.0,0.0,0.0,1.0,0.0,0.0,0.0,0.0,190,1.0
Primate_TP53.4.codon.fas.FEL.json,0.9050250366142664,3.8906765594462e-07,0.2494665761921968,2.550209904998116,0.1102796030250557,0.2905568638404833,0.0,4.298971190898068e-07,0.7401723915215516,191,0.3504179775111232
Primate_TP53.4.codon.fas.FEL.json,0.0,0.0,0.0,0.0,1.0,0.0,0.0,0.0,0.0,192,1.0
Primate_TP53.4.codon.fas.FEL.json,1.265098403051939,1.973099100389264e-06,0.2919320226977417,2.897276157536709,0.088729370608303,0.3400169043259504,0.0,1.55964081183672e-06,0.5845759081404263,193,0.3504179775111232
Primate_TP53.4.codon.fas.FEL.json,0.7592937200703003,2.778883427129598e-07,0.2365571421297086,2.32327873139678,0.127451132232711,0.2755210833667807,0.0,3.659826696409805e-07,0.876966135302069,194,0.3548632203283913
Primate_TP53.4.codon.fas.FEL.json,0.0,0.0,0.0,0.0,1.0,0.0,0.0,0.0,0.0,195,1.0
Primate_TP53.4.codon.fas.FEL.json,1.057790147728485,5.0586472136475165e-09,0.3069013726169305,2.447948027276059,0.1176786134000639,0.357451894746869,0.0,4.782278625406496e-09,0.7981964822174421,196,0.3504179775111232
Primate_TP53.4.codon.fas.FEL.json,0.0,0.0,0.0,0.0,1.0,0.0,0.0,0.0,0.0,197,1.0
Primate_TP53.4.codon.fas.FEL.json,0.6294148721735818,5.427375199554183e-06,0.2451050012204521,1.886043030528899,0.1696489045543929,0.2854768825278005,0.0,8.622889987984595e-06,1.234894459129623,198,0.410487560010811
Primate_TP53.4.codon.fas.FEL.json,0.0,0.0,0.0,0.0,1.0,0.0,0.0,0.0,0.0,199,1.0
Primate_TP53.4.codon.fas.FEL.json,0.0,0.0,0.0,0.0,1.0,0.0,0.0,0.0,0.0,200,1.0
Primate_TP53.4.codon.fas.FEL.json,2.824074636491105,9.816918459523656e-08,0.5738890031345568,6.118796690666141,0.0133751817746491,0.6684157512742337,0.0,3.476154040929002e-08,0.2500597773222453,201,0.1492670286050844
Primate_TP53.4.codon.fas.FEL.json,0.0,0.0,0.0,0.0,1.0,0.0,0.0,0.0,0.0,202,1.0
Primate_TP53.4.codon.fas.FEL.json,1.498229491359953,1.141187684344387,1.211378333338824,0.0491290111818756,0.8245858491192438,1.410907604664716,0.1874027531814684,0.7616908430420254,2.029805766444361,203,1.0
Primate_TP53.4.codon.fas.FEL.json,2.30973308263753,0.4036328245727187,0.8905897815727088,2.07269614895332,0.1499562196750212,1.03728113742494,0.0098861230107432,0.1747530169641084,0.7898999333657495,204,0.3910073391526253
Primate_TP53.4.codon.fas.FEL.json,0.0,0.0,0.0,0.0,1.0,0.0,0.0,0.0,0.0,205,1.0
Primate_TP53.4.codon.fas.FEL.json,0.0,0.0,0.0,0.0,1.0,0.0,0.0,0.0,0.0,206,1.0
Primate_TP53.4.codon.fas.FEL.json,1.293101899951063,3.011937514175823e-06,0.2926302702038273,2.922453874946179,0.0873549277340277,0.3408301619921653,0.0,2.329234466587521e-06,0.5712837072200191,207,0.3504179775111232
Primate_TP53.4.codon.fas.FEL.json,0.0,0.0,0.0,0.0,1.0,0.0,0.0,0.0,0.0,208,1.0
Primate_TP53.4.codon.fas.FEL.json,7.491162104280667e-07,0.4839758584524945,0.2844151777212056,1.058530011585837,0.3035506948376754,0.3312619402915111,1445.519686010855,10000.0,10000.0,209,0.6181798821876746
Primate_TP53.4.codon.fas.FEL.json,3.082576677124155,0.7318289628316758,1.176065291745285,1.763730021474061,0.1841599457003066,1.369778060279651,0.0389049357686305,0.2374081943403351,0.757678959096863,210,0.4281718737532128
Primate_TP53.4.codon.fas.FEL.json,9.579641672400678,2.730220236557298,4.059181616012784,2.259188111255995,0.1328236799209342,4.727779961989598,0.0861602768192031,0.2850023341085052,0.6999959503689157,211,0.363311830371967
Primate_TP53.4.codon.fas.FEL.json,1.582410822906385e-07,1.012433654763237,0.8387822366239204,0.7172052105429998,0.3970621837221665,0.9769402371995024,3823.614517053276,10000.0,10000.0,212,0.7587695154690716
Primate_TP53.4.codon.fas.FEL.json,0.879240456439594,0.7686165435878473,0.8193291031520401,0.0089712823772991,0.9245397308419214,0.9542829275922016,0.0493656176543901,0.8741824127387081,3.9984758484441,213,1.0
Primate_TP53.4.codon.fas.FEL.json,1.541719970770949,0.5964296973757275,0.8600243107830905,0.4180612463577411,0.5179060333242376,1.001681148560711,0.0218951046558078,0.3868599412884806,1.769012659928252,214,0.8974893372513185
Primate_TP53.4.codon.fas.FEL.json,0.7091833583384494,0.9511748790344634,0.8536970132766349,0.0567891484228226,0.8116447463784184,0.9943116654494948,0.2202385190350298,1.341225605269387,4.272162789294494,215,1.0
Primate_TP53.4.codon.fas.FEL.json,0.0,0.0,0.0,0.0,1.0,0.0,0.0,0.0,0.0,216,1.0
Primate_TP53.4.codon.fas.FEL.json,1.744261521527417,2.171586709876822e-09,0.2649122503247627,3.647514824137506,0.0561529406857235,0.3085466350730145,0.0,1.2449891733982671e-09,0.3514453887190999,217,0.3427528735976948
Primate_TP53.4.codon.fas.FEL.json,1.629401068651299,0.4344218784691741,0.8549337781118252,1.221273655350437,0.2691108414713443,0.9957521410326616,0.0150733404069848,0.266614455352455,1.217643890816654,218,0.5738833479153181
Primate_TP53.4.codon.fas.FEL.json,0.0,0.0,0.0,0.0,1.0,0.0,0.0,0.0,0.0,219,1.0
Primate_TP53.4.codon.fas.FEL.json,0.0,0.0,0.0,0.0,1.0,0.0,0.0,0.0,0.0,220,1.0
Primate_TP53.4.codon.fas.FEL.json,0.6343373001540877,0.4969317786679954,0.5568251390656933,0.0291868931488181,0.8643482238104417,0.6485412538384353,0.044486192747114,0.7833872902433532,3.516122455958081,221,1.0
Primate_TP53.4.codon.fas.FEL.json,4.265114324900359e-06,0.5644941655487382,0.3230591917303763,1.106554807356002,0.2928320849909664,0.3762711102095755,1371.172320471561,10000.0,10000.0,222,0.6007364096505855
Primate_TP53.4.codon.fas.FEL.json,0.0,0.0,0.0,0.0,1.0,0.0,0.0,0.0,0.0,223,1.0
Primate_TP53.4.codon.fas.FEL.json,1.259285544157367,0.3802844469320732,0.5832564181660969,0.65274738360716,0.4191321275707565,0.6793260975635084,0.0171587434295072,0.301984286801716,1.366112207204476,224,0.7851302422313687
Primate_TP53.4.codon.fas.FEL.json,1.429201175379013,0.7222387926166629,0.8674406094030055,0.265986735286063,0.6060366989522175,1.010319004987004,0.0828846882447413,0.5053443875213236,1.633156158242443,225,1.0
Primate_TP53.4.codon.fas.FEL.json,1.079806727575969,0.408499661044939,0.5917872651459373,0.441483718527202,0.5064071956836921,0.6892620825046563,0.0214422836920773,0.378308127383101,1.710076308778786,226,0.8974893372513185
Primate_TP53.4.codon.fas.FEL.json,1.625848773538016,0.320983567920485,0.5354579193859565,1.134586348051997,0.2867991727166707,0.6236545839129546,0.0112586803228715,0.1974252299135986,0.8926655968200469,227,0.597141561104113
Primate_TP53.4.codon.fas.FEL.json,1.127906622728482,5.959458895571579e-06,0.3046101416013295,2.56226665279285,0.1094415703354471,0.354783269120187,0.0,5.28364562764535e-06,0.7269805068098356,228,0.3504179775111232
Primate_TP53.4.codon.fas.FEL.json,0.7189213760038551,0.4291225097227417,0.538492779519447,0.1280104464759582,0.720503860936318,0.6271893237407945,0.0339842330145859,0.5968976915223072,2.700408717053471,229,1.0
Primate_TP53.4.codon.fas.FEL.json,5.463060839727989,0.4817033671255865,1.782438341229398,5.902284081734841,0.0151212630657082,2.076028389541214,0.0049803975421082,0.0881746298014083,0.3993923195689344,230,0.1562530516789854
Primate_TP53.4.codon.fas.FEL.json,7.913067251017032e-07,0.5223142383822431,0.4172212408188099,0.436034677318073,0.5090425834877771,0.4859428349493672,1445.72665923307,10000.0,10000.0,231,0.8974893372513185
Primate_TP53.4.codon.fas.FEL.json,0.0,0.0,0.0,0.0,1.0,0.0,0.0,0.0,0.0,232,1.0
Primate_TP53.4.codon.fas.FEL.json,0.0,0.0,0.0,0.0,1.0,0.0,0.0,0.0,0.0,233,1.0
Primate_TP53.4.codon.fas.FEL.json,0.0,0.0,0.0,0.0,1.0,0.0,0.0,0.0,0.0,234,1.0
Primate_TP53.4.codon.fas.FEL.json,0.9999146017062196,3.094403081387486e-06,0.2545123842041821,2.717763197480963,0.0992369931477754,0.2964337799944698,0.0,3.094667360699908e-06,0.6624693708691936,235,0.3504179775111232
Primate_TP53.4.codon.fas.FEL.json,0.6458802653548003,0.4890906010268977,0.5558037331539604,0.0355400532976197,0.8504684923304278,0.6473516095063119,0.043079550938763,0.7572465474823363,3.416464653937239,236,1.0
Primate_TP53.4.codon.fas.FEL.json,1.078672283433294e-06,0.6304027096024805,0.3244549603842392,1.32078583369648,0.2504510668684776,0.3778967795433334,1443.399293522772,10000.0,10000.0,237,0.5502035248527972
Primate_TP53.4.codon.fas.FEL.json,4.752820466021173e-07,0.3679413677245676,0.26873504859289,0.6256326539534314,0.428961825309311,0.3129990963719828,1448.728460612802,10000.0,10000.0,238,0.7978689950753185
Primate_TP53.4.codon.fas.FEL.json,0.0,0.0,0.0,0.0,1.0,0.0,0.0,0.0,0.0,239,1.0
Primate_TP53.4.codon.fas.FEL.json,9.961814719220658e-06,0.3553983747833896,0.2590923502605598,0.6522793019744775,0.419298946568007,0.3017681241545138,1143.159020938783,10000.0,10000.0,240,0.7851302422313687
Primate_TP53.4.codon.fas.FEL.json,3.767473595137511e-06,0.4064710658195993,0.2769260870823422,0.7615450558967609,0.3828454335404848,0.3225393020837826,1350.508919273664,10000.0,10000.0,241,0.7366474203985879
Primate_TP53.4.codon.fas.FEL.json,1.834764772145858,3.236377682252855e-07,0.2970361082069435,3.585530887113599,0.0582847906475126,0.3459616970150712,0.0,1.763919675909045e-07,0.3753041239426568,242,0.3427528735976948
Primate_TP53.4.codon.fas.FEL.json,0.0,0.0,0.0,0.0,1.0,0.0,0.0,0.0,0.0,243,1.0
Primate_TP53.4.codon.fas.FEL.json,1.544344228047614,3.732657299763114e-06,0.5548183686993656,4.007324519055562,0.0453029868004688,0.6462039431133342,0.0,2.416985301574897e-06,0.5492219988976347,244,0.3326192978244949
Primate_TP53.4.codon.fas.FEL.json,6.69468591379562e-06,0.4933441923052865,0.4026930925351382,0.4081104208326849,0.5229301425225378,0.4690217176311861,1299.774320091346,10000.0,10000.0,245,0.9006019121221484
Primate_TP53.4.codon.fas.FEL.json,1.230806544088022,3.9003445101645465e-10,0.2738483789127933,2.967433189520566,0.0849565555182053,0.3189546566085852,0.0,3.16893384171478e-10,0.556465245283946,246,0.3504179775111232
Primate_TP53.4.codon.fas.FEL.json,1.530899013138643,0.4045497954043755,0.7968421453163997,1.24547044763964,0.2644193639463579,0.9280920845311134,0.0149892045278395,0.2642563565149663,1.197767562290229,247,0.5718837406281695
Primate_TP53.4.codon.fas.FEL.json,2.853708788312846,1.283412677568714e-07,0.5964155059582924,6.039817114277863,0.0139867330887372,0.6946526528811081,0.0,4.4973498446121614e-08,0.2589518650375916,248,0.1500884050676031
Primate_TP53.4.codon.fas.FEL.json,0.0,0.0,0.0,0.0,1.0,0.0,0.0,0.0,0.0,249,1.0
Primate_TP53.4.codon.fas.FEL.json,1.309906949540812,1.60740352073941e-06,0.2836355404220197,3.011495570549627,0.0826759770638101,0.3303538869079988,0.0,1.227112751255259e-06,0.5392896874653034,250,0.3504179775111232
Primate_TP53.4.codon.fas.FEL.json,3.123159756102332,8.138088846991561e-07,0.8613755800973042,7.420788991834961,0.006447453743081,1.003254988953018,0.0,2.605722884040938e-07,0.2489317011295469,251,0.1275812150547792
Primate_TP53.4.codon.fas.FEL.json,2.595527176564865,0.3791730939355539,0.8722556915980602,2.501023213086761,0.1137723575539966,1.015927191875541,0.0082992464833064,0.1460871214754079,0.6550974502325492,252,0.3504179775111232
Primate_TP53.4.codon.fas.FEL.json,1.915128670969728,0.3749567748382114,0.6310763182331601,1.156682062612202,0.282154715816346,0.7350225375625342,0.0111377768639385,0.1957867272951177,0.8932987646803109,253,0.5918884640057183
Primate_TP53.4.codon.fas.FEL.json,0.0,0.0,0.0,0.0,1.0,0.0,0.0,0.0,0.0,254,1.0
Primate_TP53.4.codon.fas.FEL.json,1.607004612082467,2.003751737995143e-06,0.2884157496607178,3.344083150546037,0.0674470435673545,0.3359214568249698,0.0,1.246886115279124e-06,0.4283971722215941,255,0.3427528735976948
Primate_TP53.4.codon.fas.FEL.json,0.0,0.0,0.0,0.0,1.0,0.0,0.0,0.0,0.0,256,1.0
Primate_TP53.4.codon.fas.FEL.json,3.2835230168247,0.7858694552891009,1.048936856538307,0.9848067735899164,0.3210149655256075,1.221709970347517,0.0390058003455707,0.2393372762311466,0.775566313523088,257,0.6397369670117464
Primate_TP53.4.codon.fas.FEL.json,0.0,0.0,0.0,0.0,1.0,0.0,0.0,0.0,0.0,258,1.0
Primate_TP53.4.codon.fas.FEL.json,0.9431886022308476,1.152357136213268e-05,0.2475427358462036,2.607196749789054,0.1063796588651964,0.2883161427547418,0.0,1.22176745296507e-05,0.6976331884824091,259,0.3504179775111232
Primate_TP53.4.codon.fas.FEL.json,0.0,0.0,0.0,0.0,1.0,0.0,0.0,0.0,0.0,260,1.0
Primate_TP53.4.codon.fas.FEL.json,1.037396113717373,9.601744762225925e-08,0.3065722302546577,2.406362447406337,0.1208428739848901,0.3570685384912985,0.0,9.255620524564461e-08,0.8207026636249835,261,0.3525849886413388
Primate_TP53.4.codon.fas.FEL.json,0.7992838297206252,4.648148998306212e-07,0.3419824860569043,1.680130875719918,0.194907063184084,0.3983113094898603,0.0,5.815392261758737e-07,1.463593575680743,262,0.4494138068459457
Primate_TP53.4.codon.fas.FEL.json,0.9355730527575564,4.259214487136645e-09,0.2576498944676976,2.553782644713454,0.1100305380808586,0.3000880777218417,0.0,4.552519415328195e-09,0.7389903626567542,263,0.3504179775111232
Primate_TP53.4.codon.fas.FEL.json,2.827114444571808e-07,1.346492510131715,0.9710850973435928,1.949513872212165,0.1626392453234144,1.131035045708903,5266.231764175088,10000.0,10000.0,264,0.4087959409480416
Primate_TP53.4.codon.fas.FEL.json,0.0,0.0,0.0,0.0,1.0,0.0,0.0,0.0,0.0,265,1.0
Primate_TP53.4.codon.fas.FEL.json,0.0,0.0,0.0,0.0,1.0,0.0,0.0,0.0,0.0,266,1.0
Primate_TP53.4.codon.fas.FEL.json,0.0,0.0,0.0,0.0,1.0,0.0,0.0,0.0,0.0,267,1.0
Primate_TP53.4.codon.fas.FEL.json,0.0,0.0,0.0,0.0,1.0,0.0,0.0,0.0,0.0,268,1.0
Primate_TP53.4.codon.fas.FEL.json,4.86292690481908e-06,0.4647059415110312,0.2758996833419892,1.018451438761076,0.3128866140880855,0.3213438367177076,1334.69376224658,10000.0,10000.0,269,0.6280242110113371
Primate_TP53.4.codon.fas.FEL.json,1.421227733930428,0.3862571784173278,0.6050517833417952,0.7668130072487216,0.3812047833478057,0.7047114339415165,0.0154014351157871,0.2717771186107715,1.225175030853157,270,0.7366474203985879
Primate_TP53.4.codon.fas.FEL.json,4.460960253365921,3.282804728850798e-09,0.6029070066950544,7.537378836718801,0.0060431894489291,0.7022133855631425,0.0,7.358964309027028e-10,0.1537703176560584,271,0.1275812150547792
Primate_TP53.4.codon.fas.FEL.json,0.0,0.0,0.0,0.0,1.0,0.0,0.0,0.0,0.0,272,1.0
Primate_TP53.4.codon.fas.FEL.json,7.390625835838747e-07,0.4893847314799876,0.2729855978149666,1.15853796136636,0.2817689609032661,0.317949764595427,1445.930989641305,10000.0,10000.0,273,0.5918884640057183
Primate_TP53.4.codon.fas.FEL.json,2.387987093178683,1.389923314939084,1.621081644365471,0.2272091909299832,0.6336009372089252,1.888094212081218,0.1451756992658789,0.5820480851464477,1.549800831109071,274,1.0
Primate_TP53.4.codon.fas.FEL.json,1.279906435902211,0.3872085507825918,0.5939984717109504,0.6573658206359205,0.4174914508721583,0.6918375026456645,0.0171217067814675,0.3025287942314682,1.369668544174429,275,0.7851302422313687
Primate_TP53.4.codon.fas.FEL.json,1.628558176738127,0.327778500230705,0.543313276862649,1.113416107392098,0.2913405664102734,0.6328038177205938,0.0114437092290264,0.2012691378868758,0.9066839489104164,276,0.6007364096505855
Primate_TP53.4.codon.fas.FEL.json,0.0,0.0,0.0,0.0,1.0,0.0,0.0,0.0,0.0,277,1.0
Primate_TP53.4.codon.fas.FEL.json,0.7439704678112138,3.298741145570832e-06,0.2749637910079765,1.970473998593473,0.1603975587469817,0.3202537911267758,0.0,4.433967863369415e-06,1.14439414588395,278,0.4087959409480416
Primate_TP53.4.codon.fas.FEL.json,3.94870598687334,5.086857264033498e-07,0.6402400319831434,7.070450186659148,0.0078365562767598,0.7456956304031389,0.0,1.288233988791191e-07,0.1873285434458001,279,0.1309103155715509
Primate_TP53.5.codon.fas.FEL.json,0.0,0.0,0.0,0.0,1.0,0.0,0.0,0.0,0.0,1,1.0
Primate_TP53.5.codon.fas.FEL.json,0.4387993710656778,0.1555078268865852,0.1750000396091283,0.2152276260972776,0.6427005383067108,0.9355510767899492,0.0521726756751119,0.3543939147153185,2.043419716713034,2,1.0
Primate_TP53.5.codon.fas.FEL.json,0.8106572680688845,0.2731591983145525,0.3790163181233946,0.2704341783188013,0.6030406704915086,2.026223110196413,0.0411554883574521,0.336960154524071,1.873400181261754,3,1.0
Primate_TP53.5.codon.fas.FEL.json,0.0,0.0,0.0,0.0,1.0,0.0,0.0,0.0,0.0,4,1.0
Primate_TP53.5.codon.fas.FEL.json,0.0,0.0,0.0,0.0,1.0,0.0,0.0,0.0,0.0,5,1.0
Primate_TP53.5.codon.fas.FEL.json,1.300813486470996e-05,0.5377301395240245,0.1469354051262604,-0.3657593602691591,1.0,0.7855174021187465,4260.632750843287,10000.0,10000.0,6,1.0
Primate_TP53.5.codon.fas.FEL.json,0.431902276190324,4.622735952434435e-10,0.091945504758132,2.845341084251739,0.0916391447084096,0.4915411229311448,0.0,1.070319886528535e-09,0.5898102312029,7,0.8241949891316649
Primate_TP53.5.codon.fas.FEL.json,0.8306047912699436,0.1101565250305268,0.3055176816897744,1.921397785593779,0.1657026512541453,1.633299036512491,0.006806194529214,0.1326220679056092,1.050273738386579,8,1.0
Primate_TP53.5.codon.fas.FEL.json,0.0,0.0,0.0,0.0,1.0,0.0,0.0,0.0,0.0,9,1.0
Primate_TP53.5.codon.fas.FEL.json,0.0,0.0,0.0,0.0,1.0,0.0,0.0,0.0,0.0,10,1.0
Primate_TP53.5.codon.fas.FEL.json,0.0,0.0,0.0,0.0,1.0,0.0,0.0,0.0,0.0,11,1.0
Primate_TP53.5.codon.fas.FEL.json,0.0,0.0,0.0,0.0,1.0,0.0,0.0,0.0,0.0,12,1.0
Primate_TP53.5.codon.fas.FEL.json,0.0,0.0,0.0,0.0,1.0,0.0,0.0,0.0,0.0,13,1.0
Primate_TP53.5.codon.fas.FEL.json,0.0,0.0,0.0,0.0,1.0,0.0,0.0,0.0,0.0,14,1.0
Primate_TP53.5.codon.fas.FEL.json,0.0,0.0,0.0,0.0,1.0,0.0,0.0,0.0,0.0,15,1.0
Primate_TP53.5.codon.fas.FEL.json,0.0,0.0,0.0,0.0,1.0,0.0,0.0,0.0,0.0,16,1.0
Primate_TP53.5.codon.fas.FEL.json,0.0,0.0,0.0,0.0,1.0,0.0,0.0,0.0,0.0,17,1.0
Primate_TP53.5.codon.fas.FEL.json,0.0,0.0,0.0,0.0,1.0,0.0,0.0,0.0,0.0,18,1.0
Primate_TP53.5.codon.fas.FEL.json,2.072268542600516,0.1305113317759645,0.3282940898432672,2.424873252709741,0.1194229008011529,1.755061827086717,0.0031047124571101,0.0629799319407629,0.6105185864971306,19,0.9164698991361088
Primate_TP53.5.codon.fas.FEL.json,0.560635374009712,0.2192665415491107,0.3240877683048288,0.1528210561125007,0.69585390280329,1.732574811350035,0.0149650807738527,0.3911036508112175,2.291094702421251,20,1.0
Primate_TP53.5.codon.fas.FEL.json,2.82376677013333,0.4102487261360151,0.8663825520979085,4.01363512557144,0.0451337406985473,4.631685406115431,0.031916718402557,0.1452842106066162,0.47682759360634,21,0.8241949891316649
Primate_TP53.5.codon.fas.FEL.json,5.933672261620348,0.5293939920185216,1.562054405367255,4.3730641526287,0.0365112809917951,8.350750572456384,0.0091639868999646,0.0892186101080608,0.3992986763688047,22,0.8241949891316649
Primate_TP53.5.codon.fas.FEL.json,0.2059999147517916,0.8327102872381255,0.3156704476845441,0.2046252768339585,0.6510130758735228,1.687575773706486,0.1540116896835624,4.042284620561395,14.65585467995049,23,1.0
Primate_TP53.5.codon.fas.FEL.json,0.8548454298240138,0.3707471230483774,0.4244461699106192,0.2566840354619586,0.6124074743376464,2.269091322414402,0.0700786392608063,0.4337007722258078,1.824362174684946,24,1.0
Primate_TP53.5.codon.fas.FEL.json,1.670396524217693e-07,0.2799503985381893,0.1891221443927466,1.701906321055397,0.1920388605587707,1.011047918769893,3809.767622939097,10000.0,10000.0,25,1.0
Primate_TP53.5.codon.fas.FEL.json,1.641068296898723,0.1361265534084521,0.3292306395807988,3.690837361925198,0.0547121422675461,1.760068626613004,0.0044972080869332,0.082949962329845,0.4757188269686732,26,0.8241949891316649
Primate_TP53.5.codon.fas.FEL.json,0.126239966219409,0.4968367580420507,0.3986084341975389,0.1420408652307792,0.7062604869712076,2.130962659574226,0.6646198176533705,3.935653445744217,15.10279030019418,27,1.0
Primate_TP53.5.codon.fas.FEL.json,0.3504344444118345,0.1202317164231281,0.1902712170866782,0.3719840929954596,0.5419247489214194,1.017190867071612,0.0174096116375483,0.3430933184234322,2.802145109232586,28,1.0
Primate_TP53.5.codon.fas.FEL.json,0.3040182781163532,0.4809454645411793,0.4322325053579989,0.058800213277415,0.8084024005273638,2.310717110204586,0.302618510122594,1.581962333057859,6.510231032653749,29,1.0
Primate_TP53.5.codon.fas.FEL.json,5.929675580213935,0.9361481114847172,2.288825858090123,4.561141322756228,0.0327052715566422,12.23607435120373,0.030691800843447,0.1578750976880496,0.5155712172637589,30,0.8241949891316649
Primate_TP53.5.codon.fas.FEL.json,10000.0,0.2503990649384645,0.2934723778768015,0.476396255095441,0.4900592155110175,1.568904782787415,4.501718993347123e-06,2.503990649384645e-05,8.997083611017046e-05,31,1.0
Primate_TP53.5.codon.fas.FEL.json,1.3042724432329371e-08,0.2577940212575626,0.2104106204505172,0.6286167011037378,0.4278631714539743,1.12485621700542,3825.805968847016,10000.0,10000.0,32,1.0
Primate_TP53.5.codon.fas.FEL.json,0.0,0.0,0.0,0.0,1.0,0.0,0.0,0.0,0.0,33,1.0
Primate_TP53.5.codon.fas.FEL.json,2.064898549428158e-05,1.415513408031981,0.9531442659370236,2.29988010460746,0.1293839857603918,5.095513957169613,5617.977823924019,10000.0,10000.0,34,0.9164698991361088
Primate_TP53.5.codon.fas.FEL.json,8.500009048745445,2.2810073042381483e-08,0.1733545215789148,12.97361929293434,0.0003159107405932,0.9267541292664968,0.0,2.683535148206474e-09,0.0192650276968602,35,0.0268524129504243
Primate_TP53.5.codon.fas.FEL.json,1.576711808679367,0.2003151593725237,0.4470627830129308,3.1155692240376,0.0775473788873943,2.38999984785513,0.0188253494407791,0.1270461464611628,0.5369551356187492,36,0.8241949891316649
Primate_TP53.5.codon.fas.FEL.json,0.3095278427534248,2.458727407475759e-08,0.0795874241335025,2.754780616316607,0.0969641163684311,0.4254747628248697,0.0,7.943477347963248e-08,0.7033440876139245,37,0.8241949891316649
Primate_TP53.5.codon.fas.FEL.json,0.4771518742994263,0.1906136076488159,0.239906366586625,0.3290181411287172,0.5662378149341272,1.282540621648944,0.0593418503138376,0.3994820473642329,1.770394773663867,38,1.0
Primate_TP53.5.codon.fas.FEL.json,1.641386606552242,0.1402506191279493,0.5067494473953553,3.43085643870452,0.0639889099851641,2.709085050679648,0.0045104084409411,0.0854464259474785,0.6083292671181246,39,0.8241949891316649
Primate_TP53.5.codon.fas.FEL.json,4.13872912938685,0.1117983437603495,0.1600390521028909,3.003345810310041,0.0830927555578564,0.8555695636282155,0.0014972015044891,0.0270127230522361,0.1818240021756233,40,0.8241949891316649
Primate_TP53.5.codon.fas.FEL.json,0.0,0.0,0.0,0.0,1.0,0.0,0.0,0.0,0.0,41,1.0
Primate_TP53.5.codon.fas.FEL.json,0.0,0.0,0.0,0.0,1.0,0.0,0.0,0.0,0.0,42,1.0
Primate_TP53.5.codon.fas.FEL.json,0.0,0.0,0.0,0.0,1.0,0.0,0.0,0.0,0.0,43,1.0
Primate_TP53.5.codon.fas.FEL.json,0.0,0.0,0.0,0.0,1.0,0.0,0.0,0.0,0.0,44,1.0
Primate_TP53.5.codon.fas.FEL.json,0.0,0.0,0.0,0.0,1.0,0.0,0.0,0.0,0.0,45,1.0
Primate_TP53.5.codon.fas.FEL.json,0.0,0.0,0.0,0.0,1.0,0.0,0.0,0.0,0.0,46,1.0
Primate_TP53.5.codon.fas.FEL.json,0.0,0.0,0.0,0.0,1.0,0.0,0.0,0.0,0.0,47,1.0
Primate_TP53.5.codon.fas.FEL.json,0.0,0.0,0.0,0.0,1.0,0.0,0.0,0.0,0.0,48,1.0
Primate_TP53.5.codon.fas.FEL.json,0.0,0.0,0.0,0.0,1.0,0.0,0.0,0.0,0.0,49,1.0
Primate_TP53.5.codon.fas.FEL.json,0.0,0.0,0.0,0.0,1.0,0.0,0.0,0.0,0.0,50,1.0
Primate_TP53.5.codon.fas.FEL.json,0.0,0.0,0.0,0.0,1.0,0.0,0.0,0.0,0.0,51,1.0
Primate_TP53.5.codon.fas.FEL.json,0.0,0.0,0.0,0.0,1.0,0.0,0.0,0.0,0.0,52,1.0
Primate_TP53.5.codon.fas.FEL.json,0.0,0.0,0.0,0.0,1.0,0.0,0.0,0.0,0.0,53,1.0
Primate_TP53.5.codon.fas.FEL.json,0.0,0.0,0.0,0.0,1.0,0.0,0.0,0.0,0.0,54,1.0
Primate_TP53.5.codon.fas.FEL.json,0.0,0.0,0.0,0.0,1.0,0.0,0.0,0.0,0.0,55,1.0
Primate_TP53.5.codon.fas.FEL.json,0.0,0.0,0.0,0.0,1.0,0.0,0.0,0.0,0.0,56,1.0
Primate_TP53.5.codon.fas.FEL.json,0.0,0.0,0.0,0.0,1.0,0.0,0.0,0.0,0.0,57,1.0
Primate_TP53.5.codon.fas.FEL.json,0.0,0.0,0.0,0.0,1.0,0.0,0.0,0.0,0.0,58,1.0
Primate_TP53.5.codon.fas.FEL.json,0.0,0.0,0.0,0.0,1.0,0.0,0.0,0.0,0.0,59,1.0
Primate_TP53.5.codon.fas.FEL.json,0.0,0.0,0.0,0.0,1.0,0.0,0.0,0.0,0.0,60,1.0
Primate_TP53.5.codon.fas.FEL.json,0.0,0.0,0.0,0.0,1.0,0.0,0.0,0.0,0.0,61,1.0
Primate_TP53.5.codon.fas.FEL.json,0.0,0.0,0.0,0.0,1.0,0.0,0.0,0.0,0.0,62,1.0
Primate_TP53.5.codon.fas.FEL.json,0.0,0.0,0.0,0.0,1.0,0.0,0.0,0.0,0.0,63,1.0
Primate_TP53.5.codon.fas.FEL.json,0.0,0.0,0.0,0.0,1.0,0.0,0.0,0.0,0.0,64,1.0
Primate_TP53.5.codon.fas.FEL.json,0.0,0.0,0.0,0.0,1.0,0.0,0.0,0.0,0.0,65,1.0
Primate_TP53.5.codon.fas.FEL.json,0.0,0.0,0.0,0.0,1.0,0.0,0.0,0.0,0.0,66,1.0
Primate_TP53.5.codon.fas.FEL.json,0.0,0.0,0.0,0.0,1.0,0.0,0.0,0.0,0.0,67,1.0
Primate_TP53.5.codon.fas.FEL.json,0.0,0.0,0.0,0.0,1.0,0.0,0.0,0.0,0.0,68,1.0
Primate_TP53.5.codon.fas.FEL.json,0.0,0.0,0.0,0.0,1.0,0.0,0.0,0.0,0.0,69,1.0
Primate_TP53.5.codon.fas.FEL.json,0.0,0.0,0.0,0.0,1.0,0.0,0.0,0.0,0.0,70,1.0
Primate_TP53.5.codon.fas.FEL.json,0.0,0.0,0.0,0.0,1.0,0.0,0.0,0.0,0.0,71,1.0
Primate_TP53.5.codon.fas.FEL.json,0.0,0.0,0.0,0.0,1.0,0.0,0.0,0.0,0.0,72,1.0
Primate_TP53.5.codon.fas.FEL.json,0.0,0.0,0.0,0.0,1.0,0.0,0.0,0.0,0.0,73,1.0
Primate_TP53.5.codon.fas.FEL.json,0.0,0.0,0.0,0.0,1.0,0.0,0.0,0.0,0.0,74,1.0
Primate_TP53.5.codon.fas.FEL.json,0.0,0.0,0.0,0.0,1.0,0.0,0.0,0.0,0.0,75,1.0
Primate_TP53.5.codon.fas.FEL.json,0.0,0.0,0.0,0.0,1.0,0.0,0.0,0.0,0.0,76,1.0
Primate_TP53.5.codon.fas.FEL.json,0.0,0.0,0.0,0.0,1.0,0.0,0.0,0.0,0.0,77,1.0
Primate_TP53.5.codon.fas.FEL.json,0.0,0.0,0.0,0.0,1.0,0.0,0.0,0.0,0.0,78,1.0
Primate_TP53.5.codon.fas.FEL.json,0.0,0.0,0.0,0.0,1.0,0.0,0.0,0.0,0.0,79,1.0
Primate_TP53.5.codon.fas.FEL.json,0.0,0.0,0.0,0.0,1.0,0.0,0.0,0.0,0.0,80,1.0
Primate_TP53.5.codon.fas.FEL.json,0.0,0.0,0.0,0.0,1.0,0.0,0.0,0.0,0.0,81,1.0
Primate_TP53.5.codon.fas.FEL.json,0.0,0.0,0.0,0.0,1.0,0.0,0.0,0.0,0.0,82,1.0
Primate_TP53.5.codon.fas.FEL.json,0.0,0.0,0.0,0.0,1.0,0.0,0.0,0.0,0.0,83,1.0
Primate_TP53.5.codon.fas.FEL.json,0.0,0.0,0.0,0.0,1.0,0.0,0.0,0.0,0.0,84,1.0
Primate_TP53.5.codon.fas.FEL.json,0.0,0.0,0.0,0.0,1.0,0.0,0.0,0.0,0.0,85,1.0
