Sample,&alpha;,&beta;<sup>1</sup>,p<sup>1</sup>,&beta;<sup>+</sup>,p<sup>+</sup>,LRT,p-value,# branches under selection,Total branch length,MEME LogL,FEL LogL,FEL &alpha;,FEL &beta;,CodonSite,adjusted_p-value
Primate_TP53.1.codon.fas.MEME.json,0.0,0.0,1.0,0.0,0.0,0.0,1.0,0.0,0.0,0.0,0.0,1.0,0.0,1,1.0
Primate_TP53.1.codon.fas.MEME.json,0.0,0.0,1.0,0.0,0.0,0.0,1.0,0.0,0.0,0.0,0.0,1.0,0.0,2,1.0
Primate_TP53.1.codon.fas.MEME.json,0.0,0.0,1.0,0.0,0.0,0.0,1.0,0.0,0.0,0.0,0.0,1.0,0.0,3,1.0
Primate_TP53.1.codon.fas.MEME.json,0.0,0.0,1.0,0.0,0.0,0.0,1.0,0.0,0.0,0.0,0.0,1.0,0.0,4,1.0
Primate_TP53.1.codon.fas.MEME.json,0.0,0.0,1.0,0.0,0.0,0.0,1.0,0.0,0.0,0.0,0.0,1.0,0.0,5,1.0
Primate_TP53.1.codon.fas.MEME.json,0.0,0.0,1.0,0.0,0.0,0.0,1.0,0.0,0.0,0.0,0.0,1.0,0.0,6,1.0
Primate_TP53.1.codon.fas.MEME.json,0.0,0.0,1.0,0.0,0.0,0.0,1.0,0.0,0.0,0.0,0.0,1.0,0.0,7,1.0
Primate_TP53.1.codon.fas.MEME.json,0.0,0.0,1.0,0.0,0.0,0.0,1.0,0.0,0.0,0.0,0.0,1.0,0.0,8,1.0
Primate_TP53.1.codon.fas.MEME.json,0.0,0.0,1.0,0.0,0.0,0.0,1.0,0.0,0.0,0.0,0.0,1.0,0.0,9,1.0
Primate_TP53.1.codon.fas.MEME.json,0.0,0.0,1.0,0.0,0.0,0.0,1.0,0.0,0.0,0.0,0.0,1.0,0.0,10,1.0
Primate_TP53.1.codon.fas.MEME.json,0.0,0.0,1.0,0.0,0.0,0.0,1.0,0.0,0.0,0.0,0.0,1.0,0.0,11,1.0
Primate_TP53.1.codon.fas.MEME.json,0.0,0.0,1.0,0.0,0.0,0.0,1.0,0.0,0.0,0.0,0.0,1.0,0.0,12,1.0
Primate_TP53.1.codon.fas.MEME.json,0.0,0.0,1.0,0.0,0.0,0.0,1.0,0.0,0.0,0.0,0.0,1.0,0.0,13,1.0
Primate_TP53.1.codon.fas.MEME.json,0.0,0.0,1.0,0.0,0.0,0.0,1.0,0.0,0.0,0.0,0.0,1.0,0.0,14,1.0
Primate_TP53.1.codon.fas.MEME.json,0.0,0.0,1.0,0.0,0.0,0.0,1.0,0.0,0.0,0.0,0.0,1.0,0.0,15,1.0
Primate_TP53.1.codon.fas.MEME.json,0.0,0.0,1.0,0.0,0.0,0.0,1.0,0.0,0.0,0.0,0.0,1.0,0.0,16,1.0
Primate_TP53.1.codon.fas.MEME.json,0.0,0.0,1.0,0.0,0.0,0.0,1.0,0.0,0.0,0.0,0.0,1.0,0.0,17,1.0
Primate_TP53.1.codon.fas.MEME.json,0.0,0.0,1.0,0.0,0.0,0.0,1.0,0.0,0.0,0.0,0.0,1.0,0.0,18,1.0
Primate_TP53.1.codon.fas.MEME.json,0.0,0.0,1.0,0.0,0.0,0.0,1.0,0.0,0.0,0.0,0.0,1.0,0.0,19,1.0
Primate_TP53.1.codon.fas.MEME.json,0.0,0.0,1.0,0.0,0.0,0.0,1.0,0.0,0.0,0.0,0.0,1.0,0.0,20,1.0
Primate_TP53.1.codon.fas.MEME.json,0.0,0.0,1.0,0.0,0.0,0.0,1.0,0.0,0.0,0.0,0.0,1.0,0.0,21,1.0
Primate_TP53.1.codon.fas.MEME.json,0.0,0.0,1.0,0.0,0.0,0.0,1.0,0.0,0.0,0.0,0.0,1.0,0.0,22,1.0
Primate_TP53.1.codon.fas.MEME.json,0.0,0.0,1.0,0.0,0.0,0.0,1.0,0.0,0.0,0.0,0.0,1.0,0.0,23,1.0
Primate_TP53.1.codon.fas.MEME.json,0.0,0.0,1.0,0.0,0.0,0.0,1.0,0.0,0.0,0.0,0.0,1.0,0.0,24,1.0
Primate_TP53.1.codon.fas.MEME.json,0.0,0.0,1.0,0.0,0.0,0.0,1.0,0.0,0.0,0.0,0.0,1.0,0.0,25,1.0
Primate_TP53.1.codon.fas.MEME.json,0.0,0.0,1.0,0.0,0.0,0.0,1.0,0.0,0.0,0.0,0.0,1.0,0.0,26,1.0
Primate_TP53.1.codon.fas.MEME.json,0.0,0.0,1.0,0.0,0.0,0.0,1.0,0.0,0.0,0.0,0.0,1.0,0.0,27,1.0
Primate_TP53.1.codon.fas.MEME.json,0.0,0.0,1.0,0.0,0.0,0.0,1.0,0.0,0.0,0.0,0.0,1.0,0.0,28,1.0
Primate_TP53.1.codon.fas.MEME.json,0.0,0.0,1.0,0.0,0.0,0.0,1.0,0.0,0.0,0.0,0.0,1.0,0.0,29,1.0
Primate_TP53.1.codon.fas.MEME.json,0.0,0.0,1.0,0.0,0.0,0.0,1.0,0.0,0.0,0.0,0.0,1.0,0.0,30,1.0
Primate_TP53.1.codon.fas.MEME.json,0.0,0.0,1.0,0.0,0.0,0.0,1.0,0.0,0.0,0.0,0.0,1.0,0.0,31,1.0
Primate_TP53.1.codon.fas.MEME.json,0.0,0.0,1.0,0.0,0.0,0.0,1.0,0.0,0.0,0.0,0.0,1.0,0.0,32,1.0
Primate_TP53.1.codon.fas.MEME.json,0.0,0.0,1.0,0.0,0.0,0.0,1.0,0.0,0.0,0.0,0.0,1.0,0.0,33,1.0
Primate_TP53.1.codon.fas.MEME.json,0.0,0.0,1.0,0.0,0.0,0.0,1.0,0.0,0.0,0.0,0.0,1.0,0.0,34,1.0
Primate_TP53.1.codon.fas.MEME.json,0.0,0.0,1.0,0.0,0.0,0.0,1.0,0.0,0.0,0.0,0.0,1.0,0.0,35,1.0
Primate_TP53.1.codon.fas.MEME.json,0.0,0.0,1.0,0.0,0.0,0.0,1.0,0.0,0.0,0.0,0.0,1.0,0.0,36,1.0
Primate_TP53.1.codon.fas.MEME.json,0.0,0.0,1.0,0.0,0.0,0.0,1.0,0.0,0.0,0.0,0.0,1.0,0.0,37,1.0
Primate_TP53.1.codon.fas.MEME.json,0.0,0.0,1.0,0.0,0.0,0.0,1.0,0.0,0.0,0.0,0.0,1.0,0.0,38,1.0
Primate_TP53.1.codon.fas.MEME.json,0.0,0.0,1.0,0.0,0.0,0.0,1.0,0.0,0.0,0.0,0.0,1.0,0.0,39,1.0
Primate_TP53.1.codon.fas.MEME.json,0.0,0.0,1.0,0.0,0.0,0.0,1.0,0.0,0.0,0.0,0.0,1.0,0.0,40,1.0
Primate_TP53.1.codon.fas.MEME.json,0.0,0.0,1.0,0.0,0.0,0.0,1.0,0.0,0.0,0.0,0.0,1.0,0.0,41,1.0
Primate_TP53.1.codon.fas.MEME.json,0.0,0.0,1.0,0.0,0.0,0.0,1.0,0.0,0.0,0.0,0.0,1.0,0.0,42,1.0
Primate_TP53.1.codon.fas.MEME.json,0.0,0.0,1.0,0.0,0.0,0.0,1.0,0.0,0.0,0.0,0.0,1.0,0.0,43,1.0
Primate_TP53.1.codon.fas.MEME.json,0.0,0.0,1.0,0.0,0.0,0.0,1.0,0.0,0.0,0.0,0.0,1.0,0.0,44,1.0
Primate_TP53.1.codon.fas.MEME.json,0.0,0.0,1.0,0.0,0.0,0.0,1.0,0.0,0.0,0.0,0.0,1.0,0.0,45,1.0
Primate_TP53.1.codon.fas.MEME.json,0.0,0.0,1.0,0.0,0.0,0.0,1.0,0.0,0.0,0.0,0.0,1.0,0.0,46,1.0
Primate_TP53.1.codon.fas.MEME.json,0.0,0.0,1.0,0.0,0.0,0.0,1.0,0.0,0.0,0.0,0.0,1.0,0.0,47,1.0
Primate_TP53.1.codon.fas.MEME.json,0.0,0.0,1.0,0.0,0.0,0.0,1.0,0.0,0.0,0.0,0.0,1.0,0.0,48,1.0
Primate_TP53.1.codon.fas.MEME.json,0.0,0.0,1.0,0.0,0.0,0.0,1.0,0.0,0.0,0.0,0.0,1.0,0.0,49,1.0
Primate_TP53.1.codon.fas.MEME.json,0.0,0.0,1.0,0.0,0.0,0.0,1.0,0.0,0.0,0.0,0.0,1.0,0.0,50,1.0
Primate_TP53.1.codon.fas.MEME.json,0.0,0.0,1.0,0.0,0.0,0.0,1.0,0.0,0.0,0.0,0.0,1.0,0.0,51,1.0
Primate_TP53.1.codon.fas.MEME.json,0.0,0.0,1.0,0.0,0.0,0.0,1.0,0.0,0.0,0.0,0.0,1.0,0.0,52,1.0
Primate_TP53.1.codon.fas.MEME.json,0.0,0.0,1.0,0.0,0.0,0.0,1.0,0.0,0.0,0.0,0.0,1.0,0.0,53,1.0
Primate_TP53.1.codon.fas.MEME.json,0.0,0.0,1.0,0.0,0.0,0.0,1.0,0.0,0.0,0.0,0.0,1.0,0.0,54,1.0
Primate_TP53.1.codon.fas.MEME.json,0.0,0.0,1.0,0.0,0.0,0.0,1.0,0.0,0.0,0.0,0.0,1.0,0.0,55,1.0
Primate_TP53.1.codon.fas.MEME.json,0.0,0.0,1.0,0.0,0.0,0.0,1.0,0.0,0.0,0.0,0.0,1.0,0.0,56,1.0
Primate_TP53.1.codon.fas.MEME.json,0.0,0.0,1.0,0.0,0.0,0.0,1.0,0.0,0.0,0.0,0.0,1.0,0.0,57,1.0
Primate_TP53.1.codon.fas.MEME.json,0.0,0.0,1.0,0.0,0.0,0.0,1.0,0.0,0.0,0.0,0.0,1.0,0.0,58,1.0
Primate_TP53.1.codon.fas.MEME.json,0.0,0.0,1.0,0.0,0.0,0.0,1.0,0.0,0.0,0.0,0.0,1.0,0.0,59,1.0
Primate_TP53.1.codon.fas.MEME.json,0.0,0.0,1.0,0.0,0.0,0.0,1.0,0.0,0.0,0.0,0.0,1.0,0.0,60,1.0
Primate_TP53.1.codon.fas.MEME.json,0.0,0.0,1.0,0.0,0.0,0.0,1.0,0.0,0.0,0.0,0.0,1.0,0.0,61,1.0
Primate_TP53.1.codon.fas.MEME.json,0.0,0.0,1.0,0.0,0.0,0.0,1.0,0.0,0.0,0.0,0.0,1.0,0.0,62,1.0
Primate_TP53.1.codon.fas.MEME.json,0.0,0.0,1.0,0.0,0.0,0.0,1.0,0.0,0.0,0.0,0.0,1.0,0.0,63,1.0
Primate_TP53.1.codon.fas.MEME.json,0.0,0.0,1.0,0.0,0.0,0.0,1.0,0.0,0.0,0.0,0.0,1.0,0.0,64,1.0
Primate_TP53.1.codon.fas.MEME.json,0.0,0.0,1.0,0.0,0.0,0.0,1.0,0.0,0.0,0.0,0.0,1.0,0.0,65,1.0
Primate_TP53.1.codon.fas.MEME.json,0.0,0.0,1.0,0.0,0.0,0.0,1.0,0.0,0.0,0.0,0.0,1.0,0.0,66,1.0
Primate_TP53.1.codon.fas.MEME.json,0.0,0.0,1.0,0.0,0.0,0.0,1.0,0.0,0.0,0.0,0.0,1.0,0.0,67,1.0
Primate_TP53.1.codon.fas.MEME.json,0.0,0.0,1.0,0.0,0.0,0.0,1.0,0.0,0.0,0.0,0.0,1.0,0.0,68,1.0
Primate_TP53.1.codon.fas.MEME.json,0.0,0.0,1.0,0.0,0.0,0.0,1.0,0.0,0.0,0.0,0.0,1.0,0.0,69,1.0
Primate_TP53.1.codon.fas.MEME.json,0.0,0.0,1.0,0.0,0.0,0.0,1.0,0.0,0.0,0.0,0.0,1.0,0.0,70,1.0
Primate_TP53.1.codon.fas.MEME.json,0.0,0.0,1.0,0.0,0.0,0.0,1.0,0.0,0.0,0.0,0.0,1.0,0.0,71,1.0
Primate_TP53.1.codon.fas.MEME.json,0.0,0.0,1.0,0.0,0.0,0.0,1.0,0.0,0.0,0.0,0.0,1.0,0.0,72,1.0
Primate_TP53.1.codon.fas.MEME.json,0.0,0.0,1.0,0.0,0.0,0.0,1.0,0.0,0.0,0.0,0.0,1.0,0.0,73,1.0
Primate_TP53.1.codon.fas.MEME.json,0.0,0.0,1.0,0.0,0.0,0.0,1.0,0.0,0.0,0.0,0.0,1.0,0.0,74,1.0
Primate_TP53.1.codon.fas.MEME.json,0.0,0.0,1.0,0.0,0.0,0.0,1.0,0.0,0.0,0.0,0.0,1.0,0.0,75,1.0
Primate_TP53.1.codon.fas.MEME.json,0.0,0.0,1.0,0.0,0.0,0.0,1.0,0.0,0.0,0.0,0.0,1.0,0.0,76,1.0
Primate_TP53.1.codon.fas.MEME.json,0.0,0.0,1.0,0.0,0.0,0.0,1.0,0.0,0.0,0.0,0.0,1.0,0.0,77,1.0
Primate_TP53.1.codon.fas.MEME.json,0.0,0.0,1.0,0.0,0.0,0.0,1.0,0.0,0.0,0.0,0.0,1.0,0.0,78,1.0
Primate_TP53.1.codon.fas.MEME.json,1.493827160493829,0.7469135802469145,1e-08,26.12753986041944,0.99999999,1.7664548934703823e-08,0.6666348498446704,0.0,0.0,-7.747315835645348,-7.747315829845916,0.999999994200568,1.493827160493828,79,1.0
Primate_TP53.1.codon.fas.MEME.json,1.493827160493829,0.7469135802469145,1e-08,26.12753986041944,0.99999999,1.7645291450207882e-08,0.6666348671941477,0.0,0.0,-8.572103683064729,-8.57210367725563,0.999999994190901,1.493827160493828,80,1.0
Primate_TP53.1.codon.fas.MEME.json,1.493827160493829,0.7469135802469145,1e-08,26.12753986041944,0.99999999,1.76381647065682e-08,0.6666348736171821,0.0,0.0,-8.533623992050813,-8.533623986245273,0.9999999941944592,1.493827160493828,81,1.0
Primate_TP53.1.codon.fas.MEME.json,1.493827160493829,0.7469135802469145,1e-08,26.12753986041944,0.99999999,1.578234076760054e-08,0.6666365928319168,0.0,0.0,-7.734630952025268,-7.734630946213224,0.9999999941879568,1.493827160493828,82,1.0
Primate_TP53.1.codon.fas.MEME.json,0.6694214876033056,0.2008264462809917,1e-08,13.06376993020973,0.99999999,2.29483141822584e-07,0.6665519580587175,0.0,0.0,-12.09804917987157,-12.0980490866058,0.999999906734234,0.6694214876033056,83,1.0
Primate_TP53.1.codon.fas.MEME.json,0.6694214876033056,0.2008264462809917,1e-08,13.06376993020973,0.99999999,2.296436605320196e-07,0.6665519179328679,0.0,0.0,-13.08630566302902,-13.08630556972256,0.9999999066935448,0.6694214876033056,84,1.0
Primate_TP53.1.codon.fas.MEME.json,0.6694214876033056,0.2008264462809917,1e-08,13.06376993020973,0.99999999,2.296179388849851e-07,0.6665519243617233,0.0,0.0,-11.93647584920372,-11.93647575590478,0.9999999067010642,0.6694214876033056,85,1.0
Primate_TP53.1.codon.fas.MEME.json,0.6694214876033056,0.2008264462809917,1e-08,13.06376993020973,0.99999999,2.296516399269422e-07,0.6665519159385751,0.0,0.0,-13.15791411901844,-13.1579140256937,0.9999999066752644,0.6694214876033056,86,1.0
Primate_TP53.1.codon.fas.MEME.json,0.6694214876033056,0.2008264462809917,1e-08,13.06376993020973,0.99999999,2.295336614110965e-07,0.6665519454285133,0.0,0.0,-12.03851175053431,-12.03851165725239,0.9999999067180836,0.6694214876033056,87,1.0
Primate_TP53.2.codon.fas.MEME.json,0.0,0.0,1.0,0.0,0.0,0.0,1.0,0.0,0.0,0.0,0.0,1.0,0.0,1,1.0
Primate_TP53.2.codon.fas.MEME.json,0.0,0.0,1.0,0.0,0.0,0.0,1.0,0.0,0.0,0.0,0.0,1.0,0.0,2,1.0
Primate_TP53.2.codon.fas.MEME.json,0.0,0.0,1.0,0.0,0.0,0.0,1.0,0.0,0.0,0.0,0.0,1.0,0.0,3,1.0
Primate_TP53.2.codon.fas.MEME.json,0.0,0.0,1.0,0.0,0.0,0.0,1.0,0.0,0.0,0.0,0.0,1.0,0.0,4,1.0
Primate_TP53.2.codon.fas.MEME.json,0.0,0.0,1.0,0.0,0.0,0.0,1.0,0.0,0.0,0.0,0.0,1.0,0.0,5,1.0
Primate_TP53.2.codon.fas.MEME.json,39.61887737787257,16.58211235253231,1e-08,15.59380913046169,0.99999999,0.0,0.6666666666666666,0.0,0.0,-9.899699106072744,-9.899834152476696,1.0,40.48413961523985,6,1.0
Primate_TP53.2.codon.fas.MEME.json,0.0,0.0,1.0,0.0,0.0,0.0,1.0,0.0,0.0,0.0,0.0,1.0,0.0,7,1.0
Primate_TP53.2.codon.fas.MEME.json,0.0,0.0,1.0,0.0,0.0,0.0,1.0,0.0,0.0,0.0,0.0,1.0,0.0,8,1.0
Primate_TP53.2.codon.fas.MEME.json,0.0,0.0,1.0,0.0,0.0,0.0,1.0,0.0,0.0,0.0,0.0,1.0,0.0,9,1.0
Primate_TP53.2.codon.fas.MEME.json,0.0,0.0,1.0,0.0,0.0,0.0,1.0,0.0,0.0,0.0,0.0,1.0,0.0,10,1.0
Primate_TP53.2.codon.fas.MEME.json,0.0,0.0,1.0,0.0,0.0,0.0,1.0,0.0,0.0,0.0,0.0,1.0,0.0,11,1.0
Primate_TP53.2.codon.fas.MEME.json,2.569636457813699,0.0,1e-08,0.5679017231126258,0.99999999,0.0,0.6666666666666666,0.0,0.0,-5.981933899122685,-5.981942849946459,1.0,2.54061125113547,12,1.0
Primate_TP53.2.codon.fas.MEME.json,0.0,0.0,1.0,0.0,0.0,0.0,1.0,0.0,0.0,0.0,0.0,1.0,0.0,13,1.0
Primate_TP53.2.codon.fas.MEME.json,0.0,0.0,1.0,0.0,0.0,0.0,1.0,0.0,0.0,0.0,0.0,1.0,0.0,14,1.0
Primate_TP53.2.codon.fas.MEME.json,0.0,0.0,1.0,0.0,0.0,0.0,1.0,0.0,0.0,0.0,0.0,1.0,0.0,15,1.0
Primate_TP53.2.codon.fas.MEME.json,0.0,0.0,1.0,0.0,0.0,0.0,1.0,0.0,0.0,0.0,0.0,1.0,0.0,16,1.0
Primate_TP53.2.codon.fas.MEME.json,0.0,0.0,1.0,0.0,0.0,0.0,1.0,0.0,0.0,0.0,0.0,1.0,0.0,17,1.0
Primate_TP53.2.codon.fas.MEME.json,0.0,0.0,1.0,0.0,0.0,0.0,1.0,0.0,0.0,0.0,0.0,1.0,0.0,18,1.0
Primate_TP53.2.codon.fas.MEME.json,0.0,0.0,1.0,0.0,0.0,0.0,1.0,0.0,0.0,0.0,0.0,1.0,0.0,19,1.0
Primate_TP53.2.codon.fas.MEME.json,0.0564461806123692,0.0039445087339976,1e-08,58.03022136219378,0.99999999,0.5759213154131846,0.4092980469263927,0.0,0.0,-6.557748701938469,-6.557469535603301,0.9997208726281124,0.0954915095708385,20,1.0
Primate_TP53.2.codon.fas.MEME.json,0.0,0.0,1.0,0.0,0.0,0.0,1.0,0.0,0.0,0.0,0.0,1.0,0.0,21,1.0
Primate_TP53.2.codon.fas.MEME.json,519.9107550193403,0.0,1e-08,0.0039908766763088,0.99999999,0.0,0.6666666666666666,0.0,0.0,-6.70498678332754,-6.704406923258431,0.9994203080172208,4874.234084718846,22,1.0
Primate_TP53.2.codon.fas.MEME.json,0.0,0.0,1.0,0.0,0.0,0.0,1.0,0.0,0.0,0.0,0.0,1.0,0.0,23,1.0
Primate_TP53.2.codon.fas.MEME.json,0.0,0.0,1.0,0.0,0.0,0.0,1.0,0.0,0.0,0.0,0.0,1.0,0.0,24,1.0
Primate_TP53.2.codon.fas.MEME.json,0.0,0.0,1.0,0.0,0.0,0.0,1.0,0.0,0.0,0.0,0.0,1.0,0.0,25,1.0
Primate_TP53.2.codon.fas.MEME.json,0.0,0.0,1.0,0.0,0.0,0.0,1.0,0.0,0.0,0.0,0.0,1.0,0.0,26,1.0
Primate_TP53.2.codon.fas.MEME.json,3.648194998134044,2.188410643928309,1e-08,2.237253344218451,0.99999999,0.0,0.6666666666666666,0.0,0.0,-18.93029808105658,-18.930927202831,1.0,3.576964197769324,27,1.0
Primate_TP53.2.codon.fas.MEME.json,18.88108065518808,0.0,1e-08,7.570051468142771,0.99999999,0.0,0.6666666666666666,0.0,0.0,-33.77628803773344,-31.78923668141303,0.1370990863366088,18.75584802993836,28,1.0
Primate_TP53.2.codon.fas.MEME.json,7.140114179788235,3.989773114430454,1e-08,4.127251500805819,0.99999999,0.0,0.6666666666666666,0.0,0.0,-29.69736137540201,-29.69766910331051,1.0,7.270110812120518,29,1.0
Primate_TP53.2.codon.fas.MEME.json,0.0,0.0,1.0,0.0,0.0,0.0,1.0,0.0,0.0,0.0,0.0,1.0,0.0,30,1.0
Primate_TP53.2.codon.fas.MEME.json,0.0,0.0,1.0,0.0,0.0,0.0,1.0,0.0,0.0,0.0,0.0,1.0,0.0,31,1.0
Primate_TP53.2.codon.fas.MEME.json,2.101091467669811,1.273958828372705,1e-08,1.297822803757301,0.99999999,0.0,0.6666666666666666,0.0,0.0,-20.64486228783501,-20.64494393336471,1.0,2.111348378691186,32,1.0
Primate_TP53.2.codon.fas.MEME.json,6.84278047654147,0.0,1e-08,3.216950234258062,0.99999999,0.0,0.6666666666666666,0.0,0.0,-22.12732837786622,-21.26306412860001,0.4213614555777483,6.439297692020544,33,1.0
Primate_TP53.2.codon.fas.MEME.json,4.318413105913878,0.0,1e-08,10.32957652442105,0.99999999,0.5086896985424545,0.4270342500916777,2.0,0.0,-26.47725461133667,-24.03413310422423,0.0868892024464813,5.259192520863218,34,1.0
Primate_TP53.2.codon.fas.MEME.json,0.015711375143298,0.0031332857152312,1e-08,2.224057413581763,0.99999999,0.3368178052704422,0.4783379028074204,2.0,0.0,-18.39142799814069,-18.22773474550355,0.8490024111841461,0.8839440269239404,35,1.0
Primate_TP53.2.codon.fas.MEME.json,9.956134803467206,0.4030898764904911,1e-08,7.552774395087901,0.99999999,0.0,0.6666666666666666,0.0,0.0,-33.35864026666383,-32.96859136681072,0.6770237673091405,10.81522861062827,36,1.0
Primate_TP53.2.codon.fas.MEME.json,9.113018913654525,0.0,1e-08,2.165333843876051,0.99999999,0.0,0.6666666666666666,0.0,0.0,-20.36189548669098,-20.15599402656642,0.8139132752345494,9.026855984582816,37,1.0
Primate_TP53.2.codon.fas.MEME.json,0.0,0.0,1.0,0.0,0.0,0.0,1.0,0.0,0.0,0.0,0.0,1.0,0.0,38,1.0
Primate_TP53.2.codon.fas.MEME.json,0.0,0.0,1.0,0.0,0.0,0.0,1.0,0.0,0.0,0.0,0.0,1.0,0.0,39,1.0
Primate_TP53.2.codon.fas.MEME.json,0.0,0.0,1.0,0.0,0.0,0.0,1.0,0.0,0.0,0.0,0.0,1.0,0.0,40,1.0
Primate_TP53.2.codon.fas.MEME.json,0.0022266856308344,0.0001561917175877,1e-08,61.21887817738159,0.99999999,1.159587686388944,0.2898037154099422,1.0,0.0,-7.090332893988848,-7.090305183361995,0.9999722897570807,0.0095189094264161,41,1.0
Primate_TP53.2.codon.fas.MEME.json,0.7315292185520618,0.0621286140249598,1e-08,0.7389610502132622,0.99999999,0.000217135301618,0.6630998171742611,0.0,0.0,-16.89984480763432,-16.89992007934569,1.0,0.7208279534675429,42,1.0
Primate_TP53.2.codon.fas.MEME.json,7.670714611974214,0.0,1e-08,1.725402344000759,0.99999999,0.0,0.6666666666666666,0.0,0.0,-17.50354293465571,-17.50349841707714,0.9999554834123212,7.715519896056268,43,1.0
Primate_TP53.2.codon.fas.MEME.json,1.439937656109111,0.1224837771770662,1e-08,1.421524680603358,0.99999999,0.0,0.6666666666666666,0.0,0.0,-15.35426874580863,-15.35451060590226,1.0,1.390620029801189,44,1.0
Primate_TP53.2.codon.fas.MEME.json,2.636981710919214,0.9971038582317928,1e-08,0.8621237426821418,0.99999999,0.0,0.6666666666666666,0.0,0.0,-20.05659093510499,-20.05700249543734,1.0,2.623586741690064,45,1.0
Primate_TP53.2.codon.fas.MEME.json,2.009763229247956,0.3329272596244318,1e-08,0.2646817570592253,0.99999999,0.0,0.6666666666666666,0.0,0.0,-13.28518610393822,-13.28556263602052,1.0,2.048290358558064,46,1.0
Primate_TP53.2.codon.fas.MEME.json,2.441707014468786,1.600046311252272,1e-08,1.700610448355941,0.99999999,0.0,0.6666666666666666,0.0,0.0,-19.20139999342603,-19.20176400216383,1.0,2.47578859833713,47,1.0
Primate_TP53.2.codon.fas.MEME.json,1.986580096951412,0.743388749092798,1e-08,0.8170857624575815,0.99999999,0.0,0.6666666666666666,0.0,0.0,-17.64717857742597,-17.64881734251727,1.0,2.039917828275647,48,1.0
Primate_TP53.2.codon.fas.MEME.json,3.668564249790591,0.0,1e-08,2.213770740470208,0.99999999,0.0,0.6666666666666666,0.0,0.0,-14.95776914387304,-14.07262697969904,0.4126555042493937,4.00662492273305,49,1.0
Primate_TP53.2.codon.fas.MEME.json,0.0,0.0,1.0,0.0,0.0,0.0,1.0,0.0,0.0,0.0,0.0,1.0,0.0,50,1.0
Primate_TP53.2.codon.fas.MEME.json,0.0,0.0,1.0,0.0,0.0,0.0,1.0,0.0,0.0,0.0,0.0,1.0,0.0,51,1.0
Primate_TP53.2.codon.fas.MEME.json,0.8583075365471318,0.0108316491505171,1e-08,1.012846104429069,0.99999999,0.0158964142778401,0.6336642215335536,0.0,0.0,-15.54879376869428,-15.5470170564093,0.9982248651338556,0.8667630869191957,52,1.0
Primate_TP53.2.codon.fas.MEME.json,6.2425519885656e-05,2.180424236600598e-05,1e-08,12.22882737061191,0.99999999,1.129275401926098,0.2948532217408665,1.0,0.0,-11.24880510997341,-10.89124002237602,0.6993771766655535,1.576355317307094e-05,53,1.0
Primate_TP53.2.codon.fas.MEME.json,5.149639400961763,0.3289597014549098,1e-08,0.7457507775782841,0.99999999,0.0,0.6666666666666666,0.0,0.0,-21.44180936260427,-21.44202834115242,1.0,5.166508072754021,54,1.0
Primate_TP53.2.codon.fas.MEME.json,6.288325212924852e-05,1.863313406018963e-05,1e-08,3.742369810987248,0.99999999,0.8076473716232826,0.3554910269056868,2.0,0.0,-16.02650029305517,-15.4636116121366,0.5695614040306318,4.883260928408905,55,1.0
Primate_TP53.2.codon.fas.MEME.json,4.611413527305544,1.190040181712173,1e-08,2.12108163819313,0.99999999,0.0,0.6666666666666666,0.0,0.0,-18.56667776439441,-18.5721101131977,1.0,4.487816900890467,56,1.0
Primate_TP53.2.codon.fas.MEME.json,1.323532053496688,0.0,1e-08,2.635838762438719,0.99999999,0.2418921168181178,0.5117495002791153,1.0,0.0,-13.94022821965414,-13.43718351660566,0.6046867624277187,1.180785840342161,57,1.0
Primate_TP53.2.codon.fas.MEME.json,0.0,0.0,1.0,0.0,0.0,0.0,1.0,0.0,0.0,0.0,0.0,1.0,0.0,58,1.0
Primate_TP53.2.codon.fas.MEME.json,0.0,0.0,1.0,0.0,0.0,0.0,1.0,0.0,0.0,0.0,0.0,1.0,0.0,59,1.0
Primate_TP53.2.codon.fas.MEME.json,0.0,0.0,1.0,0.0,0.0,0.0,1.0,0.0,0.0,0.0,0.0,1.0,0.0,60,1.0
Primate_TP53.2.codon.fas.MEME.json,0.0,0.0,1.0,0.0,0.0,0.0,1.0,0.0,0.0,0.0,0.0,1.0,0.0,61,1.0
Primate_TP53.2.codon.fas.MEME.json,0.0,0.0,1.0,0.0,0.0,0.0,1.0,0.0,0.0,0.0,0.0,1.0,0.0,62,1.0
Primate_TP53.2.codon.fas.MEME.json,0.0,0.0,1.0,0.0,0.0,0.0,1.0,0.0,0.0,0.0,0.0,1.0,0.0,63,1.0
Primate_TP53.2.codon.fas.MEME.json,0.0,0.0,1.0,0.0,0.0,0.0,1.0,0.0,0.0,0.0,0.0,1.0,0.0,64,1.0
Primate_TP53.2.codon.fas.MEME.json,1.734878456473898,0.0871776424378133,1e-08,2011.996093761725,0.99999999,-0.2840264011751188,0.6666666666666666,0.0,0.0,-8.04764508346171,-8.047646063392083,1.0,1.734878456473898,65,1.0
Primate_TP53.2.codon.fas.MEME.json,2.626944622717836,0.0,1e-08,2011.996093761725,0.99999999,-0.0688172174745922,0.6666666666666666,0.0,0.0,-7.495309887063168,-7.495311024101448,1.0,1.734878456473898,66,1.0
Primate_TP53.3.codon.fas.MEME.json,0.0,0.0,1.0,0.0,0.0,0.0,1.0,0.0,0.0,0.0,0.0,1.0,0.0,1,1.0
Primate_TP53.3.codon.fas.MEME.json,0.0,0.0,1.0,0.0,0.0,0.0,1.0,0.0,0.0,0.0,0.0,1.0,0.0,2,1.0
Primate_TP53.3.codon.fas.MEME.json,0.0,0.0,1.0,0.0,0.0,0.0,1.0,0.0,0.0,0.0,0.0,1.0,0.0,3,1.0
Primate_TP53.3.codon.fas.MEME.json,0.0335659726346953,0.0175869486751439,1e-08,14.54671876635466,0.99999999,0.4785387448640925,0.4353665133177984,0.0,0.0,-8.225511699286443,-8.213578989188893,0.9881382023474962,0.0585900980668644,4,0.8654970760233918
Primate_TP53.3.codon.fas.MEME.json,9.96360148097459,0.0,1e-08,1.096096299568824,0.99999999,0.0,0.6666666666666666,0.0,0.0,-6.687761472707741,-6.68772514290414,0.9999636708563172,9.869790323969603,5,0.8654970760233918
Primate_TP53.3.codon.fas.MEME.json,0.0,0.0,1.0,0.0,0.0,0.0,1.0,0.0,0.0,0.0,0.0,1.0,0.0,6,1.0
Primate_TP53.3.codon.fas.MEME.json,0.0,0.0,1.0,0.0,0.0,0.0,1.0,0.0,0.0,0.0,0.0,1.0,0.0,7,1.0
Primate_TP53.3.codon.fas.MEME.json,0.0,0.0,1.0,0.0,0.0,0.0,1.0,0.0,0.0,0.0,0.0,1.0,0.0,8,1.0
Primate_TP53.3.codon.fas.MEME.json,0.0,0.0,1.0,0.0,0.0,0.0,1.0,0.0,0.0,0.0,0.0,1.0,0.0,9,1.0
Primate_TP53.3.codon.fas.MEME.json,0.0,0.0,1.0,0.0,0.0,0.0,1.0,0.0,0.0,0.0,0.0,1.0,0.0,10,1.0
Primate_TP53.3.codon.fas.MEME.json,0.0,0.0,1.0,0.0,0.0,0.0,1.0,0.0,0.0,0.0,0.0,1.0,0.0,11,1.0
Primate_TP53.3.codon.fas.MEME.json,0.0,0.0,1.0,0.0,0.0,0.0,1.0,0.0,0.0,0.0,0.0,1.0,0.0,12,1.0
Primate_TP53.3.codon.fas.MEME.json,0.0,0.0,1.0,0.0,0.0,0.0,1.0,0.0,0.0,0.0,0.0,1.0,0.0,13,1.0
Primate_TP53.3.codon.fas.MEME.json,4.888588363579887,0.0,1e-08,0.7649189505917064,0.99999999,0.0,0.6666666666666666,0.0,0.0,-8.37349592616995,-8.373485408005719,0.999989481891084,4.874561210747044,14,0.8654970760233918
Primate_TP53.3.codon.fas.MEME.json,10.69990293507112,0.0,1e-08,1.339813336800058,0.99999999,0.0,0.6666666666666666,0.0,0.0,-11.90132203181507,-11.90137804299524,1.0,10.66320397384898,15,0.8654970760233918
Primate_TP53.3.codon.fas.MEME.json,8.74167608623714e-05,4.372492129520194e-06,1e-08,2.636032983223494,0.99999999,1.196065968389142,0.2838599625888672,1.0,0.0,-13.59000754327639,-13.58985720649627,0.9998496745198796,0.0002574542900131,16,0.8654970760233918
Primate_TP53.3.codon.fas.MEME.json,1.867543875038995,0.0,1e-08,0.1208532291326892,0.99999999,0.0,0.6666666666666666,0.0,0.0,-10.47497773653976,-10.47522915629895,1.0,1.834087522112055,17,0.8654970760233918
Primate_TP53.3.codon.fas.MEME.json,5.717632027047581,0.0,1e-08,0.6604509628866402,0.99999999,0.0,0.6666666666666666,0.0,0.0,-13.71642122450245,-13.71633641447153,0.999915193565343,5.825053265775402,18,0.8654970760233918
Primate_TP53.3.codon.fas.MEME.json,0.0002497290821777,1.211586277557806e-05,1e-08,10.48385233816877,0.99999999,5.658356290511762,0.0268675559716306,0.0,0.0,-23.57358012010182,-23.57341052883793,0.999830423115886,0.0001162911959205,19,0.6762691876593458
Primate_TP53.3.codon.fas.MEME.json,2.226061544866464,0.0770271663418026,1e-08,3.93254117396571,0.99999999,0.21551037674638,0.5219553897634188,0.0,0.0,-16.16570499421786,-16.16618257808794,1.0,2.284069799001371,20,0.8654970760233918
Primate_TP53.3.codon.fas.MEME.json,3.928071270837567,1.871221984036697,1e-08,1.588099338386112,0.99999999,0.0,0.6666666666666666,0.0,0.0,-19.37702788075385,-19.37729904476215,1.0,3.963985390925922,21,0.8654970760233918
Primate_TP53.3.codon.fas.MEME.json,0.0,0.0,1.0,0.0,0.0,0.0,1.0,0.0,0.0,0.0,0.0,1.0,0.0,22,1.0
Primate_TP53.3.codon.fas.MEME.json,4.965980775224162,2.04915070429423,1e-08,1.762436789257147,0.99999999,0.0,0.6666666666666666,0.0,0.0,-14.30195357293426,-14.3027623506819,1.0,4.821897918750585,23,0.8654970760233918
Primate_TP53.3.codon.fas.MEME.json,13.54160563652619,0.0,1e-08,10.09036673547742,0.99999999,0.0,0.6666666666666666,0.0,0.0,-23.08790368496871,-23.10022800475248,1.0,13.73849748400885,24,0.8654970760233918
Primate_TP53.3.codon.fas.MEME.json,0.0040854510148147,0.0016304939604801,1e-08,169.6392314034774,0.99999999,2.213594978895038,0.1622657585518119,1.0,0.0,-11.88459268468536,-11.19132773699834,0.4999411198776103,2.040586943213668e-06,25,0.8654970760233918
Primate_TP53.3.codon.fas.MEME.json,14.02267655583921,0.0,1e-08,1.486848157181749,0.99999999,0.0,0.6666666666666666,0.0,0.0,-10.33681655786627,-10.33695119993881,1.0,14.29046880090967,26,0.8654970760233918
Primate_TP53.3.codon.fas.MEME.json,12.46945233408776,3.023581476365607,1e-08,4.041417585478953,0.99999999,0.0,0.6666666666666666,0.0,0.0,-24.0487916451548,-24.04948305067961,1.0,12.81714573230849,27,0.8654970760233918
Primate_TP53.3.codon.fas.MEME.json,3.739705954611998,0.0,1e-08,0.5069128748383384,0.99999999,0.0,0.6666666666666666,0.0,0.0,-14.14359066930705,-14.14356478333634,0.9999741143643266,3.703458651730156,28,0.8654970760233918
Primate_TP53.3.codon.fas.MEME.json,0.002605886350905,6.782771548445039e-05,1e-08,1.412238653312972,0.99999999,0.0389442494976002,0.6126636974971637,2.0,0.0,-15.57861503908886,-15.57921311954605,1.0,0.0005380184105408,29,0.8654970760233918
Primate_TP53.3.codon.fas.MEME.json,5.985101664198458,0.0,1e-08,0.6689257703574919,0.99999999,0.0,0.6666666666666666,0.0,0.0,-15.20240570786268,-15.20240098137844,0.9999952735269309,6.0480897994578,30,0.8654970760233918
Primate_TP53.3.codon.fas.MEME.json,8.974611811462987,0.0,1e-08,140.4736322266773,0.99999999,3.599536312106878,0.0779623527493782,1.0,0.0,-27.48697524966477,-24.2194413080847,0.0381002688086931,8.768677647236377,31,0.8654970760233918
Primate_TP53.3.codon.fas.MEME.json,9.143030007408662,3.997778768692673,1e-08,3.442012022040084,0.99999999,0.0,0.6666666666666666,0.0,0.0,-23.71656618823411,-23.71674240239257,1.0,8.982084818843694,32,0.8654970760233918
Primate_TP53.3.codon.fas.MEME.json,28.23000914359913,3.068356921986986,1e-08,4.337832720244036,0.99999999,0.0,0.6666666666666666,0.0,0.0,-22.78958765090203,-22.79162328530962,1.0,28.71271859367566,33,0.8654970760233918
Primate_TP53.3.codon.fas.MEME.json,5.57329821768488,0.0,1e-08,0.8470735164602323,0.99999999,0.0,0.6666666666666666,0.0,0.0,-7.799982020103443,-7.799994798057617,1.0,5.556892239217731,34,0.8654970760233918
Primate_TP53.3.codon.fas.MEME.json,0.0126341332619436,0.0052704532297938,1e-08,77.19590419453209,0.99999999,2.25903939538258,0.1583533616499515,2.0,0.0,-19.33188309151097,-18.62271813277705,0.4920549120856478,0.0002392983166384,35,0.8654970760233918
Primate_TP53.3.codon.fas.MEME.json,0.0064544083140669,0.003722737561886,1e-08,145.1019416721176,0.99999999,1.069436572094784,0.3051277353424593,1.0,0.0,-9.917602392723266,-9.723284066034118,0.8233957536927163,0.0032801197294145,36,0.8654970760233918
Primate_TP53.3.codon.fas.MEME.json,0.0,0.0,1.0,0.0,0.0,0.0,1.0,0.0,0.0,0.0,0.0,1.0,0.0,37,1.0
Primate_TP53.3.codon.fas.MEME.json,8.102896069953237,0.6889382946720274,1e-08,10.77621209739223,0.99999999,0.1319648158392965,0.5581750679330165,0.0,0.0,-33.02724494830226,-33.02770531155581,1.0,7.945745023785969,38,0.8654970760233918
Primate_TP53.3.codon.fas.MEME.json,0.0005371213650995,0.0002854918897244,1e-08,38.34518841559712,0.99999999,7.169067792117403,0.012399992137816,2.0,0.0,-20.6463312881506,-18.44210320938347,0.1103356628871617,0.000839796856787,39,0.6762691876593458
Primate_TP53.3.codon.fas.MEME.json,8.87707728468339e-05,4.882392506575865e-05,1e-08,3.396971659859915,0.99999999,0.0552404575961418,0.6009327939805085,1.0,0.0,-12.94399471067731,-12.94339647949559,0.999401947722844,8.87707728468339e-05,40,0.8654970760233918
Primate_TP53.3.codon.fas.MEME.json,4.397221412336237,0.0,1e-08,9.877312100548158,0.99999999,0.0518319076907829,0.6032579474234396,2.0,0.0,-21.30670952438184,-21.25993917335017,0.954306527935114,4.479073156438048,41,0.8654970760233918
Primate_TP53.3.codon.fas.MEME.json,13.63019900728372,0.0,1e-08,13.05647957598427,0.99999999,0.0,0.6666666666666666,0.0,0.0,-32.06612864698467,-31.90623349062629,0.852233135500173,13.78933423129168,42,0.8654970760233918
Primate_TP53.3.codon.fas.MEME.json,4.311040315214878,1.784092964031053,1e-08,1.421818359501103,0.99999999,0.0,0.6666666666666666,0.0,0.0,-12.60512491187444,-12.60603477293101,1.0,4.334093514632072,43,0.8654970760233918
Primate_TP53.3.codon.fas.MEME.json,0.0,0.0,1.0,0.0,0.0,0.0,1.0,0.0,0.0,0.0,0.0,1.0,0.0,44,1.0
Primate_TP53.3.codon.fas.MEME.json,6.082251306659487,0.0,1e-08,0.7496742429192305,0.99999999,0.0,0.6666666666666666,0.0,0.0,-5.71264521480102,-5.712675663197693,1.0,6.017778013234209,45,0.8654970760233918
Primate_TP53.3.codon.fas.MEME.json,3.49241073213795,2.619308049103462,1e-08,5.238616098206926,0.99999999,0.0038495727112746,0.6511197072374683,0.0,0.0,-21.60757987088229,-21.60548389869622,0.9979062228296924,3.49241073213795,46,0.8654970760233918
Primate_TP53.3.codon.fas.MEME.json,3.519728629350739e-06,1.277471285836774e-06,1e-08,116.1807402883708,0.99999999,1.56440940916054,0.2310182699894998,1.0,0.0,-10.34471625875546,-10.07599585376046,0.764356936143945,3.272553398833262e-05,47,0.8654970760233918
Primate_TP53.3.codon.fas.MEME.json,0.0005250522787655,0.0002260327896811,1e-08,34.72652139943436,0.99999999,1.330864903580554,0.2630808543269622,2.0,0.0,-16.38747911938283,-16.23079797724998,0.8549766313770307,7.061508753884015e-05,48,0.8654970760233918
Primate_TP53.3.codon.fas.MEME.json,0.0,0.0,1.0,0.0,0.0,0.0,1.0,0.0,0.0,0.0,0.0,1.0,0.0,49,1.0
Primate_TP53.3.codon.fas.MEME.json,8.808996817837908,0.0,1e-08,136.1636987467775,0.99999999,0.9138332121504577,0.3339153056387147,2.0,0.0,-26.64893520786435,-26.09283971850088,0.5734437154636908,9.40312663703092,50,0.8654970760233918
Primate_TP53.3.codon.fas.MEME.json,2.549069669880671,1.292140125372116,1e-08,43.61642993394483,0.99999999,2.526021170828059,0.1372885066544786,1.0,0.0,-25.95845803859628,-25.08851803255041,0.4189766845314447,2.723752346157387,51,0.8654970760233918
Primate_TP53.3.codon.fas.MEME.json,3.366732774345248e-05,1.858101266263272e-06,1e-08,1.111378600166545,0.99999999,0.666610136025021,0.38700636449847,1.0,0.0,-11.4372314083067,-11.43706658664245,0.9998351919180865,0.0002089257491168,52,0.8654970760233918
Primate_TP53.3.codon.fas.MEME.json,34.41954373886099,2.426247202708786,1e-08,2.637730265727315,0.99999999,0.0,0.6666666666666666,0.0,0.0,-22.80644773073857,-22.80667102474651,1.0,34.51228212637813,53,0.8654970760233918
Primate_TP53.3.codon.fas.MEME.json,0.0008327748839065,0.0004282828930165,1e-08,9.92183631075796,0.99999999,2.299369302288198,0.1549647295945538,1.0,0.0,-13.45132563154539,-13.43083888442373,0.979721680519664,0.0001947813535499,54,0.8654970760233918
Primate_TP53.3.codon.fas.MEME.json,0.0,0.0,1.0,0.0,0.0,0.0,1.0,0.0,0.0,0.0,0.0,1.0,0.0,55,1.0
Primate_TP53.3.codon.fas.MEME.json,0.0004617085124087,0.0002408896952196,1e-08,55.73745437450955,0.99999999,5.618994377643663,0.0274163184186221,2.0,0.0,-16.98946315176771,-15.43980846699621,0.212321278899342,4.072663722261306e-05,56,0.6762691876593458
Primate_TP53.3.codon.fas.MEME.json,3.819334284279688,0.0,1e-08,190.9369628320224,0.99999999,1.211966724040359,0.2813133806637658,2.0,0.0,-20.4222035107869,-19.81626399969894,0.545561624566736,3.975650783092821,57,0.8654970760233918
Primate_TP53.3.codon.fas.MEME.json,15.31582041464745,5.663204870901217,1e-08,6.009278643073023,0.99999999,0.0,0.6666666666666666,0.0,0.0,-33.12672499233969,-33.12678597742383,1.0,15.39587340185692,58,0.8654970760233918
Primate_TP53.3.codon.fas.MEME.json,9.392100216239983,3.476694973575317,1e-08,4.049266079422964,0.99999999,0.0,0.6666666666666666,0.0,0.0,-26.04690087003227,-26.04502752558481,0.9981284091669392,9.322541282144613,59,0.8654970760233918
Primate_TP53.3.codon.fas.MEME.json,5.46967315784444e-06,2.653668080216842e-07,1e-08,7.59724755797318,0.99999999,4.146163973429637,0.0586444287937291,1.0,0.0,-26.00310345835149,-26.00255972196156,0.9994564114078848,0.0008957030332931,60,0.8654970760233918
Primate_TP53.3.codon.fas.MEME.json,2.647197543014312,1.086909584090928,1e-08,108.3551610342221,0.99999999,0.746499659397422,0.3687235267861738,0.0,0.0,-20.78743374767673,-20.44765844071317,0.7119302705516128,2.821533879524106,61,0.8654970760233918
Primate_TP53.3.codon.fas.MEME.json,14.39099776483595,3.471033099833931,1e-08,5.758161868281697,0.99999999,0.0,0.6666666666666666,0.0,0.0,-26.45862088612842,-26.45984640690666,1.0,14.41727523178154,62,0.8654970760233918
Primate_TP53.3.codon.fas.MEME.json,5.999125728510522,0.4747492680189794,1e-08,7.03751670216841,0.99999999,0.0331305604804583,0.6173133368617337,0.0,0.0,-26.34228733542626,-26.34277200141484,1.0,6.061005135406414,63,0.8654970760233918
Primate_TP53.3.codon.fas.MEME.json,2.770321076485799,0.1392086340934114,1e-08,3.655736878177479,0.99999999,0.0528684700361807,0.6025446121166094,0.0,0.0,-21.47844117782826,-21.47860844097144,1.0,2.770321076485799,64,0.8654970760233918
Primate_TP53.3.codon.fas.MEME.json,2.063248133497824,0.0,1e-08,1684.636089171999,0.99999999,3.21170968945804,0.0955304776219684,1.0,0.0,-19.83301565802471,-18.19349462926372,0.1940729753645715,3.696362595049647,65,0.8654970760233918
Primate_TP53.3.codon.fas.MEME.json,13.98101563630401,1.757190529958332,1e-08,2.127221687302214,0.99999999,0.0,0.6666666666666666,0.0,0.0,-18.44238746921285,-18.44273699464884,1.0,13.89140388008299,66,0.8654970760233918
Primate_TP53.3.codon.fas.MEME.json,0.0005671536120446,4.771286448333428e-05,1e-08,5.734037210265468,0.99999999,2.452946362945237,0.1427439450081489,1.0,0.0,-15.88605168475959,-15.88612917166204,1.0,0.0001403799358199,67,0.8654970760233918
Primate_TP53.3.codon.fas.MEME.json,9.010744806156763e-09,4.5278992650937737e-10,1e-08,2.472486713098288,0.99999999,1.44314034737868,0.2470853608242735,2.0,0.0,-13.82335572998414,-13.82447267108542,1.0,9.010744806156768e-09,68,0.8654970760233918
Primate_TP53.3.codon.fas.MEME.json,9.542856665988705,0.7592685379975277,1e-08,10.65768274678724,0.99999999,0.0230082088257432,0.6263033836902903,0.0,0.0,-32.20569552278798,-32.20568572306885,0.9999902003288862,9.496118128420289,69,0.8654970760233918
Primate_TP53.3.codon.fas.MEME.json,11.57119340085914,5.496317914624146,1e-08,5.979017063709223,0.99999999,0.0,0.6666666666666666,0.0,0.0,-28.39332100159216,-28.39187474229874,0.998554786035477,11.50516667620936,70,0.8654970760233918
Primate_TP53.3.codon.fas.MEME.json,5.578201798204097,0.0,1e-08,0.3110024748044593,0.99999999,0.0,0.6666666666666666,0.0,0.0,-13.80054452509867,-13.79569197608985,0.995159205585934,5.903586964789385,71,0.8654970760233918
Primate_TP53.3.codon.fas.MEME.json,7.100929186133042,3.622907623449926,1e-08,3.944139799811493,0.99999999,0.0,0.6666666666666666,0.0,0.0,-18.80357869404402,-18.80382081857926,1.0,7.166381877670406,72,0.8654970760233918
Primate_TP53.3.codon.fas.MEME.json,6.606641116636832,5.225763571326064,1e-08,5.452512099376555,0.99999999,0.0,0.6666666666666666,0.0,0.0,-21.94386802884764,-21.94558784806533,1.0,6.334935372009458,73,0.8654970760233918
Primate_TP53.3.codon.fas.MEME.json,0.0,0.0,1.0,0.0,0.0,0.0,1.0,0.0,0.0,0.0,0.0,1.0,0.0,74,1.0
Primate_TP53.4.codon.fas.MEME.json,0.0,0.0,1.0,0.0,0.0,0.0,1.0,0.0,0.0,0.0,0.0,1.0,0.0,1,1.0
Primate_TP53.4.codon.fas.MEME.json,12.77929994446159,0.2455708565853321,1e-08,17.8744009526169,0.99999999,0.0025759137788199,0.6540513125920776,0.0,0.0,-14.55705140944531,-14.55285561429075,0.995812994895666,13.03255552646376,2,1.0
Primate_TP53.4.codon.fas.MEME.json,0.0002317958891753,1.237424766246793e-05,1e-08,27.66231696037062,0.99999999,5.107243167995101,0.0356742912803927,1.0,0.0,-24.56753884863852,-24.56752315831719,0.9999843098017616,4.176552685580034e-05,3,1.0
Primate_TP53.4.codon.fas.MEME.json,0.0,0.0,1.0,0.0,0.0,0.0,1.0,0.0,0.0,0.0,0.0,1.0,0.0,4,1.0
Primate_TP53.4.codon.fas.MEME.json,16.83017103531323,0.0,1e-08,1.57389864950058,0.99999999,0.0,0.6666666666666666,0.0,0.0,-10.5955017881992,-10.59548629543924,0.9999845073600512,16.59542290151992,5,1.0
Primate_TP53.4.codon.fas.MEME.json,5.49336691754815,0.0,1e-08,0.7952711267822954,0.99999999,0.0,0.6666666666666666,0.0,0.0,-9.647543018827188,-9.647570289063172,1.0,5.478180395480196,6,1.0
Primate_TP53.4.codon.fas.MEME.json,0.0,0.0,1.0,0.0,0.0,0.0,1.0,0.0,0.0,0.0,0.0,1.0,0.0,7,1.0
Primate_TP53.4.codon.fas.MEME.json,8.316958726167128,0.0,1e-08,0.4887516884315966,0.99999999,0.0,0.6666666666666666,0.0,0.0,-9.474542862067764,-9.474242508118705,0.9996996911526548,8.127661949696906,8,1.0
Primate_TP53.4.codon.fas.MEME.json,0.0012540069788726,3.823445703598442e-05,1e-08,3.584000499705337,0.99999999,0.96003931122684,0.3250358761735875,1.0,0.0,-9.989655208989465,-9.99001442738139,1.0,1.503642663941656e-05,9,1.0
Primate_TP53.4.codon.fas.MEME.json,0.0,0.0,1.0,0.0,0.0,0.0,1.0,0.0,0.0,0.0,0.0,1.0,0.0,10,1.0
Primate_TP53.4.codon.fas.MEME.json,5.759417805867383,0.0,1e-08,0.7025668523068123,0.99999999,0.0,0.6666666666666666,0.0,0.0,-7.960622443541586,-7.960624906141892,1.0,5.757341746894412,11,1.0
Primate_TP53.4.codon.fas.MEME.json,9.01032445243372,0.0,1e-08,0.7717899483542217,0.99999999,0.0,0.6666666666666666,0.0,0.0,-8.297384856791101,-8.29732790688926,0.9999430517197704,9.21985028539053,12,1.0
Primate_TP53.4.codon.fas.MEME.json,0.0,0.0,1.0,0.0,0.0,0.0,1.0,0.0,0.0,0.0,0.0,1.0,0.0,13,1.0
Primate_TP53.4.codon.fas.MEME.json,17.62833088899967,2.969167198920617,1e-08,2.517479628361153,0.99999999,0.0,0.6666666666666666,0.0,0.0,-16.44048431326937,-16.44073944089702,1.0,17.62396931354625,14,1.0
Primate_TP53.4.codon.fas.MEME.json,7.943095325523889,0.0,1e-08,1.080312051474535,0.99999999,0.0,0.6666666666666666,0.0,0.0,-7.062506382093016,-7.062508317649615,1.0,7.892388387003289,15,1.0
Primate_TP53.4.codon.fas.MEME.json,0.0,0.0,1.0,0.0,0.0,0.0,1.0,0.0,0.0,0.0,0.0,1.0,0.0,16,1.0
Primate_TP53.4.codon.fas.MEME.json,7.245702100527335,0.3974065713815298,1e-08,14.53574643503673,0.99999999,0.4223327371426038,0.4516003671829719,0.0,0.0,-29.40756202846805,-29.4071785098757,0.999616554941484,7.42102239164778,17,1.0
Primate_TP53.4.codon.fas.MEME.json,8.265011483470326,0.0,1e-08,0.6534638335106373,0.99999999,0.0,0.6666666666666666,0.0,0.0,-8.420923017741954,-8.420924917770256,1.0,8.112573739935604,18,1.0
Primate_TP53.4.codon.fas.MEME.json,0.0012674039010543,2.951556891707333e-05,1e-08,8.897521796558314,0.99999999,1.30193422931584,0.2673898172628539,0.0,0.0,-15.82120834770742,-15.82158239303305,1.0,0.0001284005123454,19,1.0
Primate_TP53.4.codon.fas.MEME.json,30.02602782011625,0.0,1e-08,0.4777225788466072,0.99999999,0.0,0.6666666666666666,0.0,0.0,-10.74167494663993,-10.74153982990763,0.9998648923955472,30.21688953128964,20,1.0
Primate_TP53.4.codon.fas.MEME.json,0.0,0.0,1.0,0.0,0.0,0.0,1.0,0.0,0.0,0.0,0.0,1.0,0.0,21,1.0
Primate_TP53.4.codon.fas.MEME.json,0.0,0.0,1.0,0.0,0.0,0.0,1.0,0.0,0.0,0.0,0.0,1.0,0.0,22,1.0
Primate_TP53.4.codon.fas.MEME.json,5.86340717352746,0.0,1e-08,0.6135734711979912,0.99999999,0.0,0.6666666666666666,0.0,0.0,-7.255954613138267,-7.255936165974581,0.9999815530064604,5.995072354207625,23,1.0
Primate_TP53.4.codon.fas.MEME.json,12.72125642461134,0.0,1e-08,1.930065669802812,0.99999999,0.0,0.6666666666666666,0.0,0.0,-11.46175309926255,-11.46208076245546,1.0,12.3791989868976,24,1.0
Primate_TP53.4.codon.fas.MEME.json,0.0,0.0,1.0,0.0,0.0,0.0,1.0,0.0,0.0,0.0,0.0,1.0,0.0,25,1.0
Primate_TP53.4.codon.fas.MEME.json,0.0,0.0,1.0,0.0,0.0,0.0,1.0,0.0,0.0,0.0,0.0,1.0,0.0,26,1.0
Primate_TP53.4.codon.fas.MEME.json,19.73946074291262,0.0,1e-08,1.547188636477825,0.99999999,0.0,0.6666666666666666,0.0,0.0,-17.46460502198506,-17.4636575977691,0.9990530244486082,19.6660502778306,27,1.0
Primate_TP53.4.codon.fas.MEME.json,0.0029028029024778,6.760108521797145e-05,1e-08,10.13637158132219,0.99999999,2.309326986832637,0.1541398930676927,2.0,0.0,-20.02155592079056,-20.0222332108424,1.0,0.0008268289441325,28,1.0
Primate_TP53.4.codon.fas.MEME.json,0.0,0.0,1.0,0.0,0.0,0.0,1.0,0.0,0.0,0.0,0.0,1.0,0.0,29,1.0
Primate_TP53.4.codon.fas.MEME.json,30.31065341678069,0.0,1e-08,2.735963699226295,0.99999999,0.0,0.6666666666666666,0.0,0.0,-15.24945183590939,-15.24956464651738,1.0,29.94613575423168,30,1.0
Primate_TP53.4.codon.fas.MEME.json,5.225884277082665,0.0,1e-08,0.6516411235414785,0.99999999,0.0,0.6666666666666666,0.0,0.0,-12.12003224164329,-12.11945097552318,0.9994189027822824,5.224036939482867,31,1.0
Primate_TP53.4.codon.fas.MEME.json,0.0,0.0,1.0,0.0,0.0,0.0,1.0,0.0,0.0,0.0,0.0,1.0,0.0,32,1.0
Primate_TP53.4.codon.fas.MEME.json,0.0,0.0,1.0,0.0,0.0,0.0,1.0,0.0,0.0,0.0,0.0,1.0,0.0,33,1.0
Primate_TP53.4.codon.fas.MEME.json,0.0,0.0,1.0,0.0,0.0,0.0,1.0,0.0,0.0,0.0,0.0,1.0,0.0,34,1.0
Primate_TP53.4.codon.fas.MEME.json,9.63440656982649,0.0,1e-08,1.147988037237819,0.99999999,0.0,0.6666666666666666,0.0,0.0,-9.394191787232463,-9.394171107233204,0.9999793202145688,9.672664710989848,35,1.0
Primate_TP53.4.codon.fas.MEME.json,9.117361466248113,0.0,1e-08,0.426480545047657,0.99999999,0.0,0.6666666666666666,0.0,0.0,-9.06694233492686,-9.065668622117252,0.998727098018196,9.33747860266037,36,1.0
Primate_TP53.4.codon.fas.MEME.json,0.0,0.0,1.0,0.0,0.0,0.0,1.0,0.0,0.0,0.0,0.0,1.0,0.0,37,1.0
Primate_TP53.4.codon.fas.MEME.json,0.0,0.0,1.0,0.0,0.0,0.0,1.0,0.0,0.0,0.0,0.0,1.0,0.0,38,1.0
Primate_TP53.4.codon.fas.MEME.json,14.93782853186113,0.0,1e-08,2.195718070658214,0.99999999,0.0,0.6666666666666666,0.0,0.0,-7.56434056954379,-7.564570610845798,1.0,14.48517530996983,39,1.0
Primate_TP53.4.codon.fas.MEME.json,7.708262950551243,0.0,1e-08,0.750191222188691,0.99999999,0.0,0.6666666666666666,0.0,0.0,-7.213655299311043,-7.213579296068933,0.9999239996460596,7.892388387003289,40,1.0
Primate_TP53.4.codon.fas.MEME.json,0.0005369984417897,0.0002749723861545,1e-08,8.05628836454406,0.99999999,1.064429156459457,0.3060065467064401,1.0,0.0,-11.06232743704923,-11.050397267977,0.9881407132348792,0.000114650119442,41,1.0
Primate_TP53.4.codon.fas.MEME.json,9.011549474873783,4.476228089095646,1e-08,35.4048985742796,0.99999999,0.4954204500466162,0.4306706884765549,0.0,0.0,-32.00697267585242,-31.99463737480932,0.9877404669219728,9.206777790875856,42,1.0
Primate_TP53.4.codon.fas.MEME.json,18.77068306687795,0.0,1e-08,1.729588966591855,0.99999999,0.0,0.6666666666666666,0.0,0.0,-12.67516849448129,-12.67440878883222,0.9992405828541632,18.70555706062546,43,1.0
Primate_TP53.4.codon.fas.MEME.json,0.0,0.0,1.0,0.0,0.0,0.0,1.0,0.0,0.0,0.0,0.0,1.0,0.0,44,1.0
Primate_TP53.4.codon.fas.MEME.json,0.0,0.0,1.0,0.0,0.0,0.0,1.0,0.0,0.0,0.0,0.0,1.0,0.0,45,1.0
Primate_TP53.4.codon.fas.MEME.json,0.0,0.0,1.0,0.0,0.0,0.0,1.0,0.0,0.0,0.0,0.0,1.0,0.0,46,1.0
Primate_TP53.4.codon.fas.MEME.json,0.0,0.0,1.0,0.0,0.0,0.0,1.0,0.0,0.0,0.0,0.0,1.0,0.0,47,1.0
Primate_TP53.4.codon.fas.MEME.json,0.0,0.0,1.0,0.0,0.0,0.0,1.0,0.0,0.0,0.0,0.0,1.0,0.0,48,1.0
Primate_TP53.4.codon.fas.MEME.json,18.91158492080504,0.0,1e-08,1.867464813513702,0.99999999,0.0,0.6666666666666666,0.0,0.0,-8.66814564141154,-8.666910410648166,0.99876553182006,19.64851616237209,49,1.0
Primate_TP53.4.codon.fas.MEME.json,5.585755396860009,0.0,1e-08,0.4316659916067588,0.99999999,0.0,0.6666666666666666,0.0,0.0,-9.96498615868198,-9.965030130428064,1.0,5.478180395480196,50,1.0
Primate_TP53.4.codon.fas.MEME.json,34.04479980185602,0.0,1e-08,3.323741736665894,0.99999999,0.0,0.6666666666666666,0.0,0.0,-15.50383111171324,-15.5027932138667,0.9989626405830828,34.61578035132226,51,1.0
Primate_TP53.4.codon.fas.MEME.json,20.26847467319692,0.0,1e-08,3.114825458829067,0.99999999,0.0,0.6666666666666666,0.0,0.0,-8.602082895758116,-8.601330875043564,0.9992482619821172,20.20666435884772,52,1.0
Primate_TP53.4.codon.fas.MEME.json,0.0,0.0,1.0,0.0,0.0,0.0,1.0,0.0,0.0,0.0,0.0,1.0,0.0,53,1.0
Primate_TP53.4.codon.fas.MEME.json,13.2255842243226,0.0,1e-08,0.9499027940881218,0.99999999,0.0,0.6666666666666666,0.0,0.0,-9.09898318527438,-9.09905464406452,1.0,13.02479229662041,54,1.0
Primate_TP53.4.codon.fas.MEME.json,40.28937498292971,0.0,1e-08,6.313802144695479,0.99999999,0.0,0.6666666666666666,0.0,0.0,-17.88159206581519,-17.88157484475986,0.9999827790929504,40.22520266117749,55,1.0
Primate_TP53.4.codon.fas.MEME.json,10.88247511851036,0.0,1e-08,1.242437544522539,0.99999999,0.0,0.6666666666666666,0.0,0.0,-8.548098110505629,-8.548099365117059,1.0,10.92709474593789,56,1.0
Primate_TP53.4.codon.fas.MEME.json,0.0,0.0,1.0,0.0,0.0,0.0,1.0,0.0,0.0,0.0,0.0,1.0,0.0,57,1.0
Primate_TP53.4.codon.fas.MEME.json,5.384109428743084,0.0,1e-08,0.4191082969580607,0.99999999,0.0,0.6666666666666666,0.0,0.0,-11.45051318472344,-11.45063888822245,1.0,5.28116786762825,58,1.0
Primate_TP53.4.codon.fas.MEME.json,0.0,0.0,1.0,0.0,0.0,0.0,1.0,0.0,0.0,0.0,0.0,1.0,0.0,59,1.0
Primate_TP53.4.codon.fas.MEME.json,27.25931925314342,3.551447416356945,1e-08,3.734286328977895,0.99999999,0.0,0.6666666666666666,0.0,0.0,-21.41252816827845,-21.41273027633057,1.0,26.71125026454277,60,1.0
Primate_TP53.4.codon.fas.MEME.json,10.51259091055189,0.0,1e-08,0.6530208882301158,0.99999999,0.0,0.6666666666666666,0.0,0.0,-7.690168724519657,-7.689323407708957,0.9991550403688616,10.06251880297748,61,1.0
Primate_TP53.4.codon.fas.MEME.json,0.0,0.0,1.0,0.0,0.0,0.0,1.0,0.0,0.0,0.0,0.0,1.0,0.0,62,1.0
Primate_TP53.4.codon.fas.MEME.json,5.526339691844927,2.796906248763928,1e-08,22.33619202349871,0.99999999,0.3351989548539791,0.4788713467979442,0.0,0.0,-24.69298758949214,-24.68313060569784,0.9901914370448764,5.680189883257778,63,1.0
Primate_TP53.4.codon.fas.MEME.json,0.0,0.0,1.0,0.0,0.0,0.0,1.0,0.0,0.0,0.0,0.0,1.0,0.0,64,1.0
Primate_TP53.4.codon.fas.MEME.json,103.3916413265137,0.0,1e-08,4.39361482295757,0.99999999,0.0,0.6666666666666666,0.0,0.0,-35.82802326681826,-35.82812722287528,1.0,103.9514602604834,65,1.0
Primate_TP53.4.codon.fas.MEME.json,38.14885974800899,0.0,1e-08,39.58712784868936,0.99999999,-0.0034714740724695,0.6666666666666666,2.0,0.0,-39.48613513838342,-39.36514631220582,0.8860438600283753,38.69714059971152,66,1.0
Primate_TP53.4.codon.fas.MEME.json,9.645177561030126,0.0,1e-08,0.9189091735299671,0.99999999,0.0,0.6666666666666666,0.0,0.0,-9.788058157812692,-9.788007740118552,0.9999495835768076,9.688873184861087,67,1.0
Primate_TP53.4.codon.fas.MEME.json,12.195396505707,0.0,1e-08,72.21532223178369,0.99999999,0.3203126458751555,0.4838298279595766,2.0,0.0,-21.6576994906317,-21.42882900728794,0.7954315484576675,11.69505904146959,68,1.0
Primate_TP53.4.codon.fas.MEME.json,8.27457512191217,0.0,1e-08,0.8877138311345544,0.99999999,0.0,0.6666666666666666,0.0,0.0,-9.097667345695276,-9.096256119930988,0.9985897695464596,7.841464695667946,69,1.0
Primate_TP53.4.codon.fas.MEME.json,9.24537736082387,0.184866856939368,1e-08,12.73782184407613,0.99999999,-0.0079622115886621,0.6666666666666666,0.0,0.0,-15.20184439285632,-15.20843911594931,1.0,9.48540347834036,70,1.0
Primate_TP53.4.codon.fas.MEME.json,25.10743621201141,0.0,1e-08,1.904054064653488,0.99999999,0.0,0.6666666666666666,0.0,0.0,-15.32216837030671,-15.32205008360115,0.999881720290031,24.97806283284579,71,1.0
Primate_TP53.4.codon.fas.MEME.json,0.0,0.0,1.0,0.0,0.0,0.0,1.0,0.0,0.0,0.0,0.0,1.0,0.0,72,1.0
Primate_TP53.4.codon.fas.MEME.json,0.0,0.0,1.0,0.0,0.0,0.0,1.0,0.0,0.0,0.0,0.0,1.0,0.0,73,1.0
Primate_TP53.4.codon.fas.MEME.json,0.0,0.0,1.0,0.0,0.0,0.0,1.0,0.0,0.0,0.0,0.0,1.0,0.0,74,1.0
Primate_TP53.4.codon.fas.MEME.json,0.0,0.0,1.0,0.0,0.0,0.0,1.0,0.0,0.0,0.0,0.0,1.0,0.0,75,1.0
Primate_TP53.4.codon.fas.MEME.json,32.14607742423987,0.0,1e-08,1.713770022680218,0.99999999,0.0,0.6666666666666666,0.0,0.0,-11.76490346105559,-11.76434954644365,0.9994462387704084,32.13012806464056,76,1.0
Primate_TP53.4.codon.fas.MEME.json,0.0,0.0,1.0,0.0,0.0,0.0,1.0,0.0,0.0,0.0,0.0,1.0,0.0,77,1.0
Primate_TP53.4.codon.fas.MEME.json,34.51663602676872,0.0,1e-08,3.016590484113196,0.99999999,0.0,0.6666666666666666,0.0,0.0,-11.02200099329958,-11.02201703294199,1.0,34.35971529812806,78,1.0
Primate_TP53.4.codon.fas.MEME.json,0.0,0.0,1.0,0.0,0.0,0.0,1.0,0.0,0.0,0.0,0.0,1.0,0.0,79,1.0
Primate_TP53.4.codon.fas.MEME.json,10.19073621839595,0.0,1e-08,0.8373288098906395,0.99999999,0.0,0.6666666666666666,0.0,0.0,-8.18086304107065,-8.181030642076026,1.0,10.43543977961536,80,1.0
Primate_TP53.4.codon.fas.MEME.json,0.0025987306372526,6.764146188611864e-05,1e-08,2.999253558763806,0.99999999,0.4613791922177661,0.4402221906140453,1.0,0.0,-8.279607735440367,-8.280111913414979,1.0,0.0005349393211236,81,1.0
Primate_TP53.4.codon.fas.MEME.json,0.0,0.0,1.0,0.0,0.0,0.0,1.0,0.0,0.0,0.0,0.0,1.0,0.0,82,1.0
Primate_TP53.4.codon.fas.MEME.json,81.59146476286888,0.0,1e-08,3.99518582498738,0.99999999,0.0,0.6666666666666666,0.0,0.0,-25.48201041587808,-25.48202766242725,1.0,80.78215149121328,83,1.0
Primate_TP53.4.codon.fas.MEME.json,34.2113206410686,0.0,1e-08,0.7825836089194177,0.99999999,0.0,0.6666666666666666,0.0,0.0,-11.05077919925543,-11.05077337617021,0.9999941769317326,33.8978586928275,84,1.0
Primate_TP53.4.codon.fas.MEME.json,87.93683640747552,0.0,1e-08,4.147235296291411,0.99999999,0.0,0.6666666666666666,0.0,0.0,-24.11746909912329,-24.11166669664472,0.994214398946471,86.83484935697358,85,1.0
Primate_TP53.4.codon.fas.MEME.json,9.90079735236576,0.0,1e-08,1.168768307059365,0.99999999,0.0,0.6666666666666666,0.0,0.0,-8.114425062468543,-8.114415369818225,0.9999903073966552,9.940391410931868,86,1.0
Primate_TP53.4.codon.fas.MEME.json,0.0,0.0,1.0,0.0,0.0,0.0,1.0,0.0,0.0,0.0,0.0,1.0,0.0,87,1.0
Primate_TP53.4.codon.fas.MEME.json,0.0,0.0,1.0,0.0,0.0,0.0,1.0,0.0,0.0,0.0,0.0,1.0,0.0,88,1.0
Primate_TP53.4.codon.fas.MEME.json,29.82389477383154,0.0,1e-08,2.166187382941656,0.99999999,0.0,0.6666666666666666,0.0,0.0,-12.63582452066918,-12.6358066049128,0.9999820844041046,29.99094996425928,89,1.0
Primate_TP53.4.codon.fas.MEME.json,0.0,0.0,1.0,0.0,0.0,0.0,1.0,0.0,0.0,0.0,0.0,1.0,0.0,90,1.0
Primate_TP53.4.codon.fas.MEME.json,0.0,0.0,1.0,0.0,0.0,0.0,1.0,0.0,0.0,0.0,0.0,1.0,0.0,91,1.0
Primate_TP53.4.codon.fas.MEME.json,18.15836147404395,0.0,1e-08,1.570604854961118,0.99999999,0.0,0.6666666666666666,0.0,0.0,-10.67023426626268,-10.66983675560438,0.9996025683385724,17.95573264428633,92,1.0
Primate_TP53.4.codon.fas.MEME.json,0.0,0.0,1.0,0.0,0.0,0.0,1.0,0.0,0.0,0.0,0.0,1.0,0.0,93,1.0
Primate_TP53.4.codon.fas.MEME.json,8.384386544562378,0.0,1e-08,1.045456111743632,0.99999999,0.0,0.6666666666666666,0.0,0.0,-7.624527681509621,-7.624510138087508,0.9999824567317716,8.416541125911158,94,1.0
Primate_TP53.4.codon.fas.MEME.json,0.0,0.0,1.0,0.0,0.0,0.0,1.0,0.0,0.0,0.0,0.0,1.0,0.0,95,1.0
Primate_TP53.4.codon.fas.MEME.json,19.61656739343105,0.0,1e-08,1.542062217171552,0.99999999,0.0,0.6666666666666666,0.0,0.0,-18.94282981330247,-18.94233942273417,0.9995097296534778,19.54375739959097,96,1.0
Primate_TP53.4.codon.fas.MEME.json,8.854109330609079,2.998108559967258,1e-08,2.914896289704481,0.99999999,0.0,0.6666666666666666,0.0,0.0,-14.08826272120142,-14.08844754820003,1.0,8.916716680402613,97,1.0
Primate_TP53.4.codon.fas.MEME.json,25.02838054907443,0.0,1e-08,13.98300558076771,0.99999999,0.0,0.6666666666666666,0.0,0.0,-16.87470660515387,-16.85315642584711,0.9786803667335352,24.83929837836054,98,1.0
Primate_TP53.4.codon.fas.MEME.json,7.355110819160619,0.0,1e-08,11.03266622874092,0.99999999,0.0047625771126362,0.6492887233338215,1.0,0.0,-18.5157597487743,-18.51049017138423,0.9947442824766908,7.355110819160619,99,1.0
Primate_TP53.4.codon.fas.MEME.json,5.633464549697162,0.0,1e-08,0.6371348195320475,0.99999999,0.0,0.6666666666666666,0.0,0.0,-11.17461112920176,-11.17447771077173,0.9998665904698076,5.619714130158171,100,1.0
Primate_TP53.4.codon.fas.MEME.json,5.329895505167867,0.0,1e-08,0.4156904725105599,0.99999999,0.0,0.6666666666666666,0.0,0.0,-8.707941819525868,-8.707323752672199,0.9993821241102724,5.2281914063091,101,1.0
Primate_TP53.4.codon.fas.MEME.json,9.11184131615438,0.0,1e-08,0.5209870638222875,0.99999999,0.0,0.6666666666666666,0.0,0.0,-8.535472351367517,-8.53550242550107,1.0,8.899816597173498,102,1.0
Primate_TP53.4.codon.fas.MEME.json,0.0,0.0,1.0,0.0,0.0,0.0,1.0,0.0,0.0,0.0,0.0,1.0,0.0,103,1.0
Primate_TP53.4.codon.fas.MEME.json,5.664300465041912,3.623058440188107,1e-08,3.537822105079554,0.99999999,0.0,0.6666666666666666,0.0,0.0,-13.571394103649,-13.57188736137156,1.0,5.643504682992837,104,1.0
Primate_TP53.4.codon.fas.MEME.json,19.24151184125359,0.0,1e-08,1.778660739713105,0.99999999,0.0,0.6666666666666666,0.0,0.0,-8.370767272629102,-8.370278494129035,0.9995113409326593,19.64641563428185,105,1.0
Primate_TP53.4.codon.fas.MEME.json,7.423956840943449,0.0,1e-08,0.5152601159887614,0.99999999,0.0,0.6666666666666666,0.0,0.0,-10.15975022791988,-10.15970998988578,0.9999597627754374,7.36088087485021,106,1.0
Primate_TP53.4.codon.fas.MEME.json,5.986982242453653,0.0,1e-08,0.7408114042539239,0.99999999,0.0,0.6666666666666666,0.0,0.0,-7.385647304618087,-7.38469768008969,0.999050826222234,5.923727674497397,107,1.0
Primate_TP53.4.codon.fas.MEME.json,0.0,0.0,1.0,0.0,0.0,0.0,1.0,0.0,0.0,0.0,0.0,1.0,0.0,108,1.0
Primate_TP53.4.codon.fas.MEME.json,6.178350590942894,0.0,1e-08,0.7408747499157359,0.99999999,0.0,0.6666666666666666,0.0,0.0,-9.008135761016517,-9.008137019989444,1.0,6.176090530151486,109,1.0
Primate_TP53.4.codon.fas.MEME.json,0.0,0.0,1.0,0.0,0.0,0.0,1.0,0.0,0.0,0.0,0.0,1.0,0.0,110,1.0
Primate_TP53.4.codon.fas.MEME.json,0.0,0.0,1.0,0.0,0.0,0.0,1.0,0.0,0.0,0.0,0.0,1.0,0.0,111,1.0
Primate_TP53.4.codon.fas.MEME.json,11.95026251658411,2.710611730755987,1e-08,4.040088026801766,0.99999999,0.0,0.6666666666666666,0.0,0.0,-19.81119538560868,-19.81213783000598,1.0,11.91681337142388,112,1.0
Primate_TP53.4.codon.fas.MEME.json,0.0,0.0,1.0,0.0,0.0,0.0,1.0,0.0,0.0,0.0,0.0,1.0,0.0,113,1.0
Primate_TP53.4.codon.fas.MEME.json,12.48537757200635,0.0,1e-08,1.887124591342953,0.99999999,0.0,0.6666666666666666,0.0,0.0,-13.07153021015244,-13.0716262225207,1.0,12.4182828782685,114,1.0
Primate_TP53.4.codon.fas.MEME.json,6.11008368006549,0.1944039435899289,1e-08,15.16859203717358,0.99999999,0.7787831023099372,0.3616593539297535,0.0,0.0,-26.57770308297182,-26.57807553047084,1.0,5.8909754348337,115,1.0
Primate_TP53.4.codon.fas.MEME.json,0.0,0.0,1.0,0.0,0.0,0.0,1.0,0.0,0.0,0.0,0.0,1.0,0.0,116,1.0
Primate_TP53.4.codon.fas.MEME.json,17.21990646365122,0.0,1e-08,1.673483781872718,0.99999999,0.0,0.6666666666666666,0.0,0.0,-7.901662593745916,-7.901778829285523,1.0,17.56981426788066,117,1.0
Primate_TP53.4.codon.fas.MEME.json,0.0,0.0,1.0,0.0,0.0,0.0,1.0,0.0,0.0,0.0,0.0,1.0,0.0,118,1.0
Primate_TP53.4.codon.fas.MEME.json,22.66967050043313,0.0,1e-08,56.64390473720802,0.99999999,0.0847840513307005,0.5827225659399179,2.0,0.0,-31.06465443736187,-30.97235744623881,0.9118343026293506,21.99813271556484,119,1.0
Primate_TP53.4.codon.fas.MEME.json,0.0,0.0,1.0,0.0,0.0,0.0,1.0,0.0,0.0,0.0,0.0,1.0,0.0,120,1.0
Primate_TP53.4.codon.fas.MEME.json,11.4943554024444,0.0,1e-08,1.866323967884587,0.99999999,0.0,0.6666666666666666,0.0,0.0,-6.323067074477402,-6.322847616423339,0.9997805660250833,11.17042466132609,121,1.0
Primate_TP53.4.codon.fas.MEME.json,0.0001215185671119,6.07822771108962e-06,1e-08,7.345480153731523,0.99999999,1.880620423105061,0.1942648763417659,0.0,0.0,-14.27802733178947,-14.27832941901559,1.0,0.0002040523099457,122,1.0
Primate_TP53.4.codon.fas.MEME.json,0.0001478600002351,7.429965011814579e-06,1e-08,2.775900772512071,0.99999999,0.4294376141774308,0.4494945402441294,1.0,0.0,-9.694428466511477,-9.694760787044723,1.0,0.0001478600002351,123,1.0
Primate_TP53.4.codon.fas.MEME.json,0.0,0.0,1.0,0.0,0.0,0.0,1.0,0.0,0.0,0.0,0.0,1.0,0.0,124,1.0
Primate_TP53.4.codon.fas.MEME.json,7.4124567359015,0.0,1e-08,0.756938435135745,0.99999999,0.0,0.6666666666666666,0.0,0.0,-9.063319115326228,-9.063127439591437,0.99980834263382,7.500156730934892,125,1.0
Primate_TP53.4.codon.fas.MEME.json,0.0,0.0,1.0,0.0,0.0,0.0,1.0,0.0,0.0,0.0,0.0,1.0,0.0,126,1.0
Primate_TP53.4.codon.fas.MEME.json,10.25599615282159,0.0,1e-08,1.224405724044048,0.99999999,0.0,0.6666666666666666,0.0,0.0,-7.677275655720035,-7.6773826499509,1.0,10.43543977961536,127,1.0
Primate_TP53.4.codon.fas.MEME.json,19.53874905473043,0.0,1e-08,0.3835864823931671,0.99999999,0.0,0.6666666666666666,0.0,0.0,-10.67109001685567,-10.67007830430649,0.9989887990593598,19.64641563428185,128,1.0
Primate_TP53.4.codon.fas.MEME.json,0.0,0.0,1.0,0.0,0.0,0.0,1.0,0.0,0.0,0.0,0.0,1.0,0.0,129,1.0
Primate_TP53.4.codon.fas.MEME.json,10.88247511851036,0.0,1e-08,1.242437544522539,0.99999999,0.0,0.6666666666666666,0.0,0.0,-9.3596931463123,-9.359697907087016,1.0,10.92709474593789,130,1.0
Primate_TP53.4.codon.fas.MEME.json,0.0,0.0,1.0,0.0,0.0,0.0,1.0,0.0,0.0,0.0,0.0,1.0,0.0,131,1.0
Primate_TP53.4.codon.fas.MEME.json,8.229468530171173,0.0,1e-08,0.725375254340222,0.99999999,0.0,0.6666666666666666,0.0,0.0,-7.592462555581071,-7.592606269958861,1.0,8.416541125911158,132,1.0
Primate_TP53.4.codon.fas.MEME.json,8.631506168105176,0.0,1e-08,0.6419417183641133,0.99999999,0.0,0.6666666666666666,0.0,0.0,-8.606635346459326,-8.606248134397987,0.999612862895556,8.783845665816251,133,1.0
Primate_TP53.4.codon.fas.MEME.json,15.0704948490148,0.0,1e-08,1.551103137535347,0.99999999,0.0,0.6666666666666666,0.0,0.0,-6.550226702278788,-6.550255661351741,1.0,15.36451587258637,134,1.0
Primate_TP53.4.codon.fas.MEME.json,22.771160056275,0.0,1e-08,2.173724896452889,0.99999999,0.0,0.6666666666666666,0.0,0.0,-12.05434155469462,-12.0543136308815,0.999972076576745,22.8135982446076,135,1.0
Primate_TP53.4.codon.fas.MEME.json,5.728242993496235,0.0,1e-08,0.6996589814540779,0.99999999,0.0,0.6666666666666666,0.0,0.0,-12.9397225316286,-12.93969300780649,0.9999704766137116,5.726180473934916,136,1.0
Primate_TP53.4.codon.fas.MEME.json,0.0,0.0,1.0,0.0,0.0,0.0,1.0,0.0,0.0,0.0,0.0,1.0,0.0,137,1.0
Primate_TP53.4.codon.fas.MEME.json,40.8081637410579,0.0,1e-08,2.755097921641234,0.99999999,0.0,0.6666666666666666,0.0,0.0,-16.11014278813824,-16.11025518137634,1.0,40.22520266117749,138,1.0
Primate_TP53.4.codon.fas.MEME.json,0.0,0.0,1.0,0.0,0.0,0.0,1.0,0.0,0.0,0.0,0.0,1.0,0.0,139,1.0
Primate_TP53.4.codon.fas.MEME.json,5.679068621225902,0.0,1e-08,0.7116529682161878,0.99999999,0.0,0.6666666666666666,0.0,0.0,-10.05193539519996,-10.05188208161768,0.9999466878388614,5.619714130158171,140,1.0
Primate_TP53.4.codon.fas.MEME.json,12.15638362095462,0.0,1e-08,1.363620783562172,0.99999999,0.0,0.6666666666666666,0.0,0.0,-7.712906787359689,-7.713083880451147,1.0,12.3791989868976,141,1.0
Primate_TP53.4.codon.fas.MEME.json,7.4124567359015,0.0,1e-08,0.756938435135745,0.99999999,0.0,0.6666666666666666,0.0,0.0,-8.00689947836496,-8.006700380646986,0.9998009221006504,7.500156730934892,142,1.0
Primate_TP53.4.codon.fas.MEME.json,0.0,0.0,1.0,0.0,0.0,0.0,1.0,0.0,0.0,0.0,0.0,1.0,0.0,143,1.0
Primate_TP53.4.codon.fas.MEME.json,8.384386544562378,0.0,1e-08,1.045456111743632,0.99999999,0.0,0.6666666666666666,0.0,0.0,-10.01250537322754,-10.01249552153928,0.9999901483602672,8.416541125911158,144,1.0
Primate_TP53.4.codon.fas.MEME.json,10.73249021796855,0.0,1e-08,1.785286800802113,0.99999999,0.0,0.6666666666666666,0.0,0.0,-8.408477161423859,-8.408706295927242,1.0,10.43543977961536,145,1.0
Primate_TP53.4.codon.fas.MEME.json,0.0,0.0,1.0,0.0,0.0,0.0,1.0,0.0,0.0,0.0,0.0,1.0,0.0,146,1.0
Primate_TP53.4.codon.fas.MEME.json,13.4811667278565,0.0,1e-08,1.563450654919787,0.99999999,0.0,0.6666666666666666,0.0,0.0,-8.385979766419252,-8.386267419685899,1.0,13.8038094012916,147,1.0
Primate_TP53.4.codon.fas.MEME.json,0.0,0.0,1.0,0.0,0.0,0.0,1.0,0.0,0.0,0.0,0.0,1.0,0.0,148,1.0
Primate_TP53.4.codon.fas.MEME.json,0.0,0.0,1.0,0.0,0.0,0.0,1.0,0.0,0.0,0.0,0.0,1.0,0.0,149,1.0
Primate_TP53.4.codon.fas.MEME.json,0.0,0.0,1.0,0.0,0.0,0.0,1.0,0.0,0.0,0.0,0.0,1.0,0.0,150,1.0
Primate_TP53.4.codon.fas.MEME.json,0.0,0.0,1.0,0.0,0.0,0.0,1.0,0.0,0.0,0.0,0.0,1.0,0.0,151,1.0
Primate_TP53.4.codon.fas.MEME.json,0.0,0.0,1.0,0.0,0.0,0.0,1.0,0.0,0.0,0.0,0.0,1.0,0.0,152,1.0
Primate_TP53.4.codon.fas.MEME.json,0.0,0.0,1.0,0.0,0.0,0.0,1.0,0.0,0.0,0.0,0.0,1.0,0.0,153,1.0
Primate_TP53.4.codon.fas.MEME.json,8.229468530171173,0.0,1e-08,0.725375254340222,0.99999999,0.0,0.6666666666666666,0.0,0.0,-7.848970464789986,-7.849113425401514,1.0,8.416541125911158,154,1.0
Primate_TP53.4.codon.fas.MEME.json,13.0148760584208,0.0,1e-08,0.9407802210232088,0.99999999,0.0,0.6666666666666666,0.0,0.0,-7.478701850331528,-7.478671626151376,0.9999697762765928,12.81817043034754,155,1.0
Primate_TP53.4.codon.fas.MEME.json,0.0,0.0,1.0,0.0,0.0,0.0,1.0,0.0,0.0,0.0,0.0,1.0,0.0,156,1.0
Primate_TP53.4.codon.fas.MEME.json,53.92417994714661,0.0,1e-08,3.738505105108229,0.99999999,0.0,0.6666666666666666,0.0,0.0,-17.68236787504781,-17.68028805424537,0.997922340526086,53.53796749353513,157,1.0
Primate_TP53.4.codon.fas.MEME.json,0.0,0.0,1.0,0.0,0.0,0.0,1.0,0.0,0.0,0.0,0.0,1.0,0.0,158,1.0
Primate_TP53.4.codon.fas.MEME.json,0.0,0.0,1.0,0.0,0.0,0.0,1.0,0.0,0.0,0.0,0.0,1.0,0.0,159,1.0
Primate_TP53.4.codon.fas.MEME.json,13.11525058886183,0.0,1e-08,0.9451390665183124,0.99999999,0.0,0.6666666666666666,0.0,0.0,-9.048578548748,-9.048727439484528,1.0,12.91660120477296,160,1.0
Primate_TP53.4.codon.fas.MEME.json,18.01745646093961,0.0,1e-08,1.69125606805124,0.99999999,0.0,0.6666666666666666,0.0,0.0,-15.15619028651398,-15.15598620976361,0.9997959440718632,17.95573264428633,161,1.0
Primate_TP53.4.codon.fas.MEME.json,27.43098379399763,0.0,1e-08,2.05105646857991,0.99999999,0.0,0.6666666666666666,0.0,0.0,-15.69190224527791,-15.6919426508139,1.0,27.65897526870043,162,1.0
Primate_TP53.4.codon.fas.MEME.json,0.0,0.0,1.0,0.0,0.0,0.0,1.0,0.0,0.0,0.0,0.0,1.0,0.0,163,1.0
Primate_TP53.4.codon.fas.MEME.json,24.16625789068937,0.0,1e-08,2.160587628244309,0.99999999,0.0,0.6666666666666666,0.0,0.0,-12.27271450881007,-12.27250499573585,0.9997905088721012,24.03920774438598,164,1.0
Primate_TP53.4.codon.fas.MEME.json,17.13821852635811,0.0,1e-08,19.02802053943156,0.99999999,-0.0038985626407423,0.6666666666666666,1.0,0.0,-21.78996244437088,-21.73449923901277,0.9460468324816512,17.69772064002742,165,1.0
Primate_TP53.4.codon.fas.MEME.json,29.46194965837616,0.0,1e-08,2.028101268165518,0.99999999,0.0,0.6666666666666666,0.0,0.0,-21.97015600691487,-21.96972112054283,0.9995652081773082,29.62380774837475,166,1.0
Primate_TP53.4.codon.fas.MEME.json,24.16797146708711,0.0,1e-08,0.6930461399185405,0.99999999,0.0,0.6666666666666666,0.0,0.0,-13.14550704469049,-13.14552610450085,1.0,23.86801803890473,167,1.0
Primate_TP53.4.codon.fas.MEME.json,0.0,0.0,1.0,0.0,0.0,0.0,1.0,0.0,0.0,0.0,0.0,1.0,0.0,168,1.0
Primate_TP53.4.codon.fas.MEME.json,15.97034559478515,0.0,1e-08,0.6155773051713546,0.99999999,0.0,0.6666666666666666,0.0,0.0,-20.79820640539248,-20.79811619883439,0.9999097975103928,15.91566378369595,169,1.0
Primate_TP53.4.codon.fas.MEME.json,6.404152387388276,0.0,1e-08,0.8800336352790584,0.99999999,0.0,0.6666666666666666,0.0,0.0,-9.58757743190513,-9.587585380751309,1.0,6.284218859239711,170,1.0
Primate_TP53.4.codon.fas.MEME.json,0.0,0.0,1.0,0.0,0.0,0.0,1.0,0.0,0.0,0.0,0.0,1.0,0.0,171,1.0
Primate_TP53.4.codon.fas.MEME.json,13.41927049126872,0.0,1e-08,2.057225825905192,0.99999999,0.0,0.6666666666666666,0.0,0.0,-7.379463697631525,-7.379686194874508,1.0,13.02479229662041,172,1.0
Primate_TP53.4.codon.fas.MEME.json,7.708262950551243,0.0,1e-08,0.750191222188691,0.99999999,0.0,0.6666666666666666,0.0,0.0,-7.213655299311043,-7.213579296068933,0.9999239996460596,7.892388387003289,173,1.0
Primate_TP53.4.codon.fas.MEME.json,8.766140936565078,0.3947962830305548,1e-08,8.204301952425917,0.99999999,0.0,0.6666666666666666,0.0,0.0,-14.37658744186625,-14.38034474036165,1.0,8.26944536678558,174,1.0
Primate_TP53.4.codon.fas.MEME.json,0.0,0.0,1.0,0.0,0.0,0.0,1.0,0.0,0.0,0.0,0.0,1.0,0.0,175,1.0
Primate_TP53.4.codon.fas.MEME.json,5.72462283138439,0.0,1e-08,0.4992953946964447,0.99999999,0.0,0.6666666666666666,0.0,0.0,-10.77767722341063,-10.77770276411711,1.0,5.741905392905661,176,1.0
Primate_TP53.4.codon.fas.MEME.json,24.1483248415378,1.964976020231608,1e-08,6.43368719132412,0.99999999,0.0,0.6666666666666666,0.0,0.0,-17.84198181545299,-17.84524811953297,1.0,24.78227080127758,177,1.0
Primate_TP53.4.codon.fas.MEME.json,5.447059548007054,4.085294661005291,1e-08,8.170589322010576,0.99999999,0.0016481297879593,0.6566497473464857,0.0,0.0,-17.20366066370091,-17.2027249799111,0.9990647538257192,5.447059548007054,178,1.0
Primate_TP53.4.codon.fas.MEME.json,0.0,0.0,1.0,0.0,0.0,0.0,1.0,0.0,0.0,0.0,0.0,1.0,0.0,179,1.0
Primate_TP53.4.codon.fas.MEME.json,5.171374618479833,0.0,1e-08,0.3386943798417674,0.99999999,0.0,0.6666666666666666,0.0,0.0,-8.627726112089977,-8.62774194263359,1.0,5.065101502899905,180,1.0
Primate_TP53.4.codon.fas.MEME.json,7.798400578173918,0.0,1e-08,0.7563584082975948,0.99999999,0.0,0.6666666666666666,0.0,0.0,-9.82265292392245,-9.822695789946488,1.0,7.985200439387651,181,1.0
Primate_TP53.4.codon.fas.MEME.json,14.1192477983238,0.0,1e-08,1.633322573235704,0.99999999,0.0,0.6666666666666666,0.0,0.0,-7.884342366205004,-7.884421331933927,1.0,13.8038094012916,182,1.0
Primate_TP53.4.codon.fas.MEME.json,0.0,0.0,1.0,0.0,0.0,0.0,1.0,0.0,0.0,0.0,0.0,1.0,0.0,183,1.0
Primate_TP53.4.codon.fas.MEME.json,0.0,0.0,1.0,0.0,0.0,0.0,1.0,0.0,0.0,0.0,0.0,1.0,0.0,184,1.0
Primate_TP53.4.codon.fas.MEME.json,0.0,0.0,1.0,0.0,0.0,0.0,1.0,0.0,0.0,0.0,0.0,1.0,0.0,185,1.0
Primate_TP53.4.codon.fas.MEME.json,26.30978740290977,0.0,1e-08,2.021873056159754,0.99999999,0.0,0.6666666666666666,0.0,0.0,-12.06525207133659,-12.06535537883342,1.0,25.71384920458549,186,1.0
Primate_TP53.4.codon.fas.MEME.json,32.70086950406412,0.0,1e-08,3.960986515118094,0.99999999,0.0,0.6666666666666666,0.0,0.0,-19.61649791169964,-19.61651503442513,1.0,32.61604902633905,187,1.0
Primate_TP53.4.codon.fas.MEME.json,5.821161227179567,0.4112070474662987,1e-08,7.488835260184316,0.99999999,0.0471001806178392,0.606588998830662,0.0,0.0,-18.9574885796308,-18.95436525115132,0.996881544036608,5.307874810428047,188,1.0
Primate_TP53.4.codon.fas.MEME.json,0.0,0.0,1.0,0.0,0.0,0.0,1.0,0.0,0.0,0.0,0.0,1.0,0.0,189,1.0
Primate_TP53.4.codon.fas.MEME.json,0.0,0.0,1.0,0.0,0.0,0.0,1.0,0.0,0.0,0.0,0.0,1.0,0.0,190,1.0
Primate_TP53.4.codon.fas.MEME.json,7.192147297660454,0.0,1e-08,0.9388858403287368,0.99999999,0.0,0.6666666666666666,0.0,0.0,-9.65814736095992,-9.658137614960994,0.9999902540485646,7.218746462997777,191,1.0
Primate_TP53.4.codon.fas.MEME.json,0.0,0.0,1.0,0.0,0.0,0.0,1.0,0.0,0.0,0.0,0.0,1.0,0.0,192,1.0
Primate_TP53.4.codon.fas.MEME.json,10.19665704556973,0.0,1e-08,0.7893909230950661,0.99999999,0.0,0.6666666666666666,0.0,0.0,-8.44756065778878,-8.447574370915184,1.0,9.940391399215944,193,1.0
Primate_TP53.4.codon.fas.MEME.json,6.139444979457663,0.0,1e-08,0.7012344383597592,0.99999999,0.0,0.6666666666666666,0.0,0.0,-10.8817324723025,-10.87894362773414,0.9972150406459154,6.499270599061017,194,1.0
Primate_TP53.4.codon.fas.MEME.json,0.0,0.0,1.0,0.0,0.0,0.0,1.0,0.0,0.0,0.0,0.0,1.0,0.0,195,1.0
Primate_TP53.4.codon.fas.MEME.json,8.271868537818099,0.0,1e-08,0.7279639798493502,0.99999999,0.0,0.6666666666666666,0.0,0.0,-9.350680179143998,-9.35079483701419,1.0,8.460143078272933,196,1.0
Primate_TP53.4.codon.fas.MEME.json,0.0,0.0,1.0,0.0,0.0,0.0,1.0,0.0,0.0,0.0,0.0,1.0,0.0,197,1.0
Primate_TP53.4.codon.fas.MEME.json,4.970220727604747,0.0,1e-08,0.3275611869866815,0.99999999,0.0,0.6666666666666666,0.0,0.0,-10.05052333404809,-10.04609924286306,0.9955856806902786,4.868844440690221,198,1.0
Primate_TP53.4.codon.fas.MEME.json,0.0,0.0,1.0,0.0,0.0,0.0,1.0,0.0,0.0,0.0,0.0,1.0,0.0,199,1.0
Primate_TP53.4.codon.fas.MEME.json,0.0,0.0,1.0,0.0,0.0,0.0,1.0,0.0,0.0,0.0,0.0,1.0,0.0,200,1.0
Primate_TP53.4.codon.fas.MEME.json,22.59997707173727,0.0,1e-08,1.08346832998155,0.99999999,0.0,0.6666666666666666,0.0,0.0,-12.41349846040901,-12.41357904783733,1.0,22.4456988223376,201,1.0
Primate_TP53.4.codon.fas.MEME.json,0.0,0.0,1.0,0.0,0.0,0.0,1.0,0.0,0.0,0.0,0.0,1.0,0.0,202,1.0
Primate_TP53.4.codon.fas.MEME.json,11.74486805525463,9.131991945304636,1e-08,10.55219714774287,0.99999999,0.0,0.6666666666666666,0.0,0.0,-22.44013199159755,-22.44035525252342,1.0,11.80890849900761,203,1.0
Primate_TP53.4.codon.fas.MEME.json,17.74227099299815,0.0,1e-08,14.99622965603707,0.99999999,0.0,0.6666666666666666,0.0,0.0,-19.96764494155833,-19.92738663912418,0.9605412969486804,18.39882564774064,204,1.0
Primate_TP53.4.codon.fas.MEME.json,0.0,0.0,1.0,0.0,0.0,0.0,1.0,0.0,0.0,0.0,0.0,1.0,0.0,205,1.0
Primate_TP53.4.codon.fas.MEME.json,0.0,0.0,1.0,0.0,0.0,0.0,1.0,0.0,0.0,0.0,0.0,1.0,0.0,206,1.0
Primate_TP53.4.codon.fas.MEME.json,10.04797541911307,0.0,1e-08,1.243149487408741,0.99999999,0.0,0.6666666666666666,0.0,0.0,-10.68726541351372,-10.68737607346841,1.0,10.29961617989567,207,1.0
Primate_TP53.4.codon.fas.MEME.json,0.0,0.0,1.0,0.0,0.0,0.0,1.0,0.0,0.0,0.0,0.0,1.0,0.0,208,1.0
Primate_TP53.4.codon.fas.MEME.json,0.0012934519671937,3.94371279434491e-05,1e-08,3.971972609034868,0.99999999,1.056659456421311,0.3073761017099154,1.0,0.0,-9.362094393401298,-9.36286467534004,1.0,1.933499758457835e-05,209,1.0
Primate_TP53.4.codon.fas.MEME.json,24.02028468774424,0.0,1e-08,694.4596058084662,0.99999999,5.1825178932772,0.0343173111427574,1.0,0.0,-22.72947764780653,-17.94131482349001,0.0083277428636859,24.22570352645398,210,1.0
Primate_TP53.4.codon.fas.MEME.json,77.52761240035545,21.46331637027547,1e-08,22.10670720243375,0.99999999,0.0,0.6666666666666666,0.0,0.0,-31.99313545167791,-31.99350216126571,1.0,76.66342278456034,211,1.0
Primate_TP53.4.codon.fas.MEME.json,0.001723907891608,0.0008634095423601,1e-08,39.31296551423904,0.99999999,0.940327039429718,0.3287881529424658,2.0,0.0,-17.25099543675222,-17.13931032033588,0.8943258216822616,1.840539336281543e-05,212,1.0
Primate_TP53.4.codon.fas.MEME.json,7.052023647069496,6.109248451821788,1e-08,6.348012728872992,0.99999999,0.0,0.6666666666666666,0.0,0.0,-10.87243302652534,-10.87252419475197,1.0,7.013977947861413,213,1.0
Primate_TP53.4.codon.fas.MEME.json,12.11318620983204,4.681532794077961,1e-08,4.485430840744782,0.99999999,0.0,0.6666666666666666,0.0,0.0,-10.8267034429795,-10.82681162955591,1.0,12.09990946182854,214,1.0
Primate_TP53.4.codon.fas.MEME.json,5.53249407997262,0.4684743854281836,1e-08,7.466465127520858,0.99999999,0.0560847236905956,0.6003657312737337,0.0,0.0,-19.54496155274747,-19.54519659324315,1.0,5.682421798167405,215,1.0
Primate_TP53.4.codon.fas.MEME.json,0.0,0.0,1.0,0.0,0.0,0.0,1.0,0.0,0.0,0.0,0.0,1.0,0.0,216,1.0
Primate_TP53.4.codon.fas.MEME.json,14.07975370018837,0.0,1e-08,0.9858400064777098,0.99999999,0.0,0.6666666666666666,0.0,0.0,-8.297111785882745,-8.297217065502693,1.0,13.86216741360521,217,1.0
Primate_TP53.4.codon.fas.MEME.json,13.08013527869637,0.0630078160754262,1e-08,14.08158648151055,0.99999999,-0.0035919259361207,0.6666666666666666,0.0,0.0,-15.86396202381903,-15.87033129518816,1.0,12.96260627648878,218,1.0
Primate_TP53.4.codon.fas.MEME.json,0.0,0.0,1.0,0.0,0.0,0.0,1.0,0.0,0.0,0.0,0.0,1.0,0.0,219,1.0
Primate_TP53.4.codon.fas.MEME.json,0.0,0.0,1.0,0.0,0.0,0.0,1.0,0.0,0.0,0.0,0.0,1.0,0.0,220,1.0
Primate_TP53.4.codon.fas.MEME.json,5.009403717184107,3.894228787247194,1e-08,4.418951325878233,0.99999999,0.0,0.6666666666666666,0.0,0.0,-15.07146861808558,-15.07078542181626,0.9993170370560758,4.881458607713625,221,1.0
Primate_TP53.4.codon.fas.MEME.json,0.000496127937698,2.493042886932808e-05,1e-08,4.46619570598852,0.99999999,1.105817402577621,0.2988317160282026,1.0,0.0,-10.44582709573525,-10.44602860417453,1.0,0.000496127937698,222,1.0
Primate_TP53.4.codon.fas.MEME.json,0.0,0.0,1.0,0.0,0.0,0.0,1.0,0.0,0.0,0.0,0.0,1.0,0.0,223,1.0
Primate_TP53.4.codon.fas.MEME.json,9.959392520073775,2.014448739448957,1e-08,3.967252388706117,0.99999999,0.0,0.6666666666666666,0.0,0.0,-15.38279536789858,-15.38419297666851,1.0,9.94578931907747,224,1.0
Primate_TP53.4.codon.fas.MEME.json,11.34694051536883,0.0,1e-08,22.69602669965061,0.99999999,0.0654502068958819,0.5942857562820746,0.0,0.0,-16.92526509294323,-16.85179987611605,0.9291684646530426,11.18964414834183,225,1.0
Primate_TP53.4.codon.fas.MEME.json,7.937129433574956,0.0,1e-08,78.88432485003648,0.99999999,0.1891088617587968,0.5326831472368014,1.0,0.0,-17.91093186640206,-17.78963670582502,0.8857724758838889,8.551414830500393,226,1.0
Primate_TP53.4.codon.fas.MEME.json,12.63170276348617,0.0,1e-08,11.41228975329134,0.99999999,0.0,0.6666666666666666,0.0,0.0,-16.31560350282,-16.2965228868274,0.9811002666818444,12.88486097764025,227,1.0
Primate_TP53.4.codon.fas.MEME.json,9.11184131615438,0.0,1e-08,0.5209870638222875,0.99999999,0.0,0.6666666666666666,0.0,0.0,-8.779935975779374,-8.77996503881355,1.0,8.899816597173498,228,1.0
Primate_TP53.4.codon.fas.MEME.json,5.581187518244424,3.560893055047291,1e-08,3.332524133634508,0.99999999,0.0,0.6666666666666666,0.0,0.0,-13.9852590448276,-13.98610065467006,1.0,5.735909778060482,229,1.0
Primate_TP53.4.codon.fas.MEME.json,43.50553453808862,3.766506690978431,1e-08,6.333376565291977,0.99999999,0.0,0.6666666666666666,0.0,0.0,-21.16851064340773,-21.17014236123494,1.0,43.2700977275565,230,1.0
Primate_TP53.4.codon.fas.MEME.json,4.893262741551478e-05,2.458864527629618e-06,1e-08,4.161163929891961,0.99999999,0.435716958673062,0.4476468173929522,1.0,0.0,-9.818392518207236,-9.81835061571106,0.99995809838172,4.893262741551478e-05,231,1.0
Primate_TP53.4.codon.fas.MEME.json,0.0,0.0,1.0,0.0,0.0,0.0,1.0,0.0,0.0,0.0,0.0,1.0,0.0,232,1.0
Primate_TP53.4.codon.fas.MEME.json,0.0,0.0,1.0,0.0,0.0,0.0,1.0,0.0,0.0,0.0,0.0,1.0,0.0,233,1.0
Primate_TP53.4.codon.fas.MEME.json,0.0,0.0,1.0,0.0,0.0,0.0,1.0,0.0,0.0,0.0,0.0,1.0,0.0,234,1.0
Primate_TP53.4.codon.fas.MEME.json,8.035214741055704,0.0,1e-08,0.640683499226885,0.99999999,0.0,0.6666666666666666,0.0,0.0,-8.732754752427624,-8.732032703986915,0.9992782121734998,7.888002140285025,235,1.0
Primate_TP53.4.codon.fas.MEME.json,5.11250016431798,3.929685248012531,1e-08,4.036968267356661,0.99999999,0.0,0.6666666666666666,0.0,0.0,-11.83188075197447,-11.83192650730543,1.0,5.101750965879297,236,1.0
Primate_TP53.4.codon.fas.MEME.json,0.005383049569853,0.0018812745893355,1e-08,285.561684384706,0.99999999,1.91612698265828,0.1905514705770052,1.0,0.0,-11.89389330560011,-11.59600574495258,0.7423848083088509,1.689882614113352e-06,237,1.0
Primate_TP53.4.codon.fas.MEME.json,0.001477969177583,4.860900514476169e-05,1e-08,2.845759107608305,0.99999999,0.6245334901143984,0.3971319194168546,1.0,0.0,-9.891550072462108,-9.891800845511751,1.0,1.861248766895588e-05,238,1.0
Primate_TP53.4.codon.fas.MEME.json,0.0,0.0,1.0,0.0,0.0,0.0,1.0,0.0,0.0,0.0,0.0,1.0,0.0,239,1.0
Primate_TP53.4.codon.fas.MEME.json,0.0025574106087025,0.0001285098830873,1e-08,2.862870732189214,0.99999999,0.6513617100488815,0.390634256975666,1.0,0.0,-11.04684675165931,-11.04689298036047,1.0,0.0025574106087025,240,1.0
Primate_TP53.4.codon.fas.MEME.json,0.0003561333032231,0.0001823596058304,1e-08,6.980729001402024,0.99999999,0.7758352270260183,0.3622970599965673,1.0,0.0,-11.19517393081936,-11.18805534359916,0.9929066899067286,4.237636710703692e-05,241,1.0
Primate_TP53.4.codon.fas.MEME.json,14.93782853186113,0.0,1e-08,2.195718070658214,0.99999999,0.0,0.6666666666666666,0.0,0.0,-8.010521537212025,-8.010751365279004,1.0,14.48517530996983,242,1.0
Primate_TP53.4.codon.fas.MEME.json,0.0,0.0,1.0,0.0,0.0,0.0,1.0,0.0,0.0,0.0,0.0,1.0,0.0,243,1.0
Primate_TP53.4.codon.fas.MEME.json,12.37876469187113,0.0,1e-08,1.374240300502549,0.99999999,0.0,0.6666666666666666,0.0,0.0,-15.16718354068657,-15.16716177721876,0.9999782367690112,12.10641895346092,244,1.0
Primate_TP53.4.codon.fas.MEME.json,0.0026112956304714,6.919837619180064e-05,1e-08,3.769674305581987,0.99999999,0.4060310870898505,0.4564946319021864,1.0,0.0,-8.673382390719842,-8.67423283751841,1.0,0.000517788595536,245,1.0
Primate_TP53.4.codon.fas.MEME.json,9.921027036866626,0.0,1e-08,0.5962688901904739,0.99999999,0.0,0.6666666666666666,0.0,0.0,-7.005683298100366,-7.005160602139468,0.9994774406208108,9.458138630928364,246,1.0
Primate_TP53.4.codon.fas.MEME.json,12.12954160949862,0.0,1e-08,53.87906472319615,0.99999999,0.0994714624187622,0.5746157544599416,1.0,0.0,-16.62048219808699,-16.534381586145,0.9175019149224396,12.07706007088241,247,1.0
Primate_TP53.4.codon.fas.MEME.json,22.69481069811769,0.0,1e-08,1.38526645102867,0.99999999,0.0,0.6666666666666666,0.0,0.0,-14.92612558946022,-14.92609385075145,0.9999682617948954,22.8135982446076,248,1.0
Primate_TP53.4.codon.fas.MEME.json,0.0,0.0,1.0,0.0,0.0,0.0,1.0,0.0,0.0,0.0,0.0,1.0,0.0,249,1.0
Primate_TP53.4.codon.fas.MEME.json,10.25599615282159,0.0,1e-08,1.224405724044048,0.99999999,0.0,0.6666666666666666,0.0,0.0,-8.192913839371188,-8.192973413375775,1.0,10.43543977961536,250,1.0
Primate_TP53.4.codon.fas.MEME.json,25.18844815748869,0.0,1e-08,3.243357706204668,0.99999999,0.0,0.6666666666666666,0.0,0.0,-14.57774892112718,-14.5780525237717,1.0,24.83528408302348,251,1.0
Primate_TP53.4.codon.fas.MEME.json,20.40436205099447,3.151322140555107,1e-08,1.945265170234804,0.99999999,0.0,0.6666666666666666,0.0,0.0,-15.92907748572254,-15.92168034365635,0.9926301494542532,19.9326098892712,252,1.0
Primate_TP53.4.codon.fas.MEME.json,14.18448734368304,0.0,1e-08,15.29437682949113,0.99999999,-0.0112196672039601,0.6666666666666666,1.0,0.0,-12.79423174040286,-12.73720881605415,0.9445724154080082,15.39086097917508,253,1.0
Primate_TP53.4.codon.fas.MEME.json,0.0,0.0,1.0,0.0,0.0,0.0,1.0,0.0,0.0,0.0,0.0,1.0,0.0,254,1.0
Primate_TP53.4.codon.fas.MEME.json,13.12106105973182,0.0,1e-08,2.028842978700009,0.99999999,0.0,0.6666666666666666,0.0,0.0,-8.45797791649457,-8.458261377758785,1.0,12.7377512258857,255,1.0
Primate_TP53.4.codon.fas.MEME.json,0.0,0.0,1.0,0.0,0.0,0.0,1.0,0.0,0.0,0.0,0.0,1.0,0.0,256,1.0
Primate_TP53.4.codon.fas.MEME.json,26.94876753753785,0.0,1e-08,308.6991571892099,0.99999999,2.214853251039422,0.1621560660077038,1.0,0.0,-19.69660521989261,-16.37210289427575,0.0359904258119528,25.82565106449278,257,1.0
Primate_TP53.4.codon.fas.MEME.json,0.0,0.0,1.0,0.0,0.0,0.0,1.0,0.0,0.0,0.0,0.0,1.0,0.0,258,1.0
Primate_TP53.4.codon.fas.MEME.json,7.288899086839005,0.0,1e-08,1.036411919260257,0.99999999,0.0,0.6666666666666666,0.0,0.0,-8.824219011545864,-8.824031338445726,0.9998123445093472,7.500156730934892,259,1.0
Primate_TP53.4.codon.fas.MEME.json,0.0,0.0,1.0,0.0,0.0,0.0,1.0,0.0,0.0,0.0,0.0,1.0,0.0,260,1.0
Primate_TP53.4.codon.fas.MEME.json,8.169076224421275,0.0,1e-08,0.7812817317014021,0.99999999,0.0,0.6666666666666666,0.0,0.0,-9.07681610249259,-9.076319999616684,0.9995040201627532,8.366978237481716,261,1.0
Primate_TP53.4.codon.fas.MEME.json,6.337844393673729,0.0,1e-08,0.7995456589314207,0.99999999,0.0,0.6666666666666666,0.0,0.0,-8.699535436363293,-8.699462204255353,0.9999267705734612,6.284218859239711,262,1.0
Primate_TP53.4.codon.fas.MEME.json,7.373949301352801,0.0,1e-08,0.9557548686748446,0.99999999,0.0,0.6666666666666666,0.0,0.0,-9.97684832396755,-9.97669636901188,0.9998480565888908,7.401378098396099,263,1.0
Primate_TP53.4.codon.fas.MEME.json,0.0012328615770952,2.871114000335168e-05,1e-08,10.86444687940513,0.99999999,1.948458705171042,0.1872363986093348,1.0,0.0,-17.29071298882118,-17.29129126905092,1.0,0.0001180597197373,264,1.0
Primate_TP53.4.codon.fas.MEME.json,0.0,0.0,1.0,0.0,0.0,0.0,1.0,0.0,0.0,0.0,0.0,1.0,0.0,265,1.0
Primate_TP53.4.codon.fas.MEME.json,0.0,0.0,1.0,0.0,0.0,0.0,1.0,0.0,0.0,0.0,0.0,1.0,0.0,266,1.0
Primate_TP53.4.codon.fas.MEME.json,0.0,0.0,1.0,0.0,0.0,0.0,1.0,0.0,0.0,0.0,0.0,1.0,0.0,267,1.0
Primate_TP53.4.codon.fas.MEME.json,0.0,0.0,1.0,0.0,0.0,0.0,1.0,0.0,0.0,0.0,0.0,1.0,0.0,268,1.0
Primate_TP53.4.codon.fas.MEME.json,8.368241507882338e-05,4.205041357710875e-06,1e-08,3.681632709203642,0.99999999,1.018340118601881,0.3142384443000024,0.0,0.0,-9.661249412079332,-9.66128676178794,1.0,8.368241507882338e-05,269,1.0
Primate_TP53.4.codon.fas.MEME.json,11.30811106131269,3.04674596729518,1e-08,3.534530742998018,0.99999999,0.0,0.6666666666666666,0.0,0.0,-12.41690230157066,-12.41691489928841,1.0,11.45522231894861,270,1.0
Primate_TP53.4.codon.fas.MEME.json,35.17487510694439,0.0,1e-08,1.587264449230062,0.99999999,0.0,0.6666666666666666,0.0,0.0,-11.2597559163205,-11.2597555244217,0.9999996081012754,35.17398547017282,271,1.0
Primate_TP53.4.codon.fas.MEME.json,0.0,0.0,1.0,0.0,0.0,0.0,1.0,0.0,0.0,0.0,0.0,1.0,0.0,272,1.0
Primate_TP53.4.codon.fas.MEME.json,1.933499758457832e-05,9.715836286250606e-07,1e-08,3.844187820994361,0.99999999,1.157299263438933,0.2901813866290245,0.0,0.0,-9.894614252272568,-9.894921854123105,1.0,1.933499758457832e-05,273,1.0
Primate_TP53.4.codon.fas.MEME.json,19.05846026679028,10.91299833882981,1e-08,11.40565688643972,0.99999999,0.0,0.6666666666666666,0.0,0.0,-27.25235626561065,-27.25243742843337,1.0,19.30144736304225,274,1.0
Primate_TP53.4.codon.fas.MEME.json,10.40990605648148,2.698769823506307,1e-08,3.363391567043385,0.99999999,0.0,0.6666666666666666,0.0,0.0,-14.57431475050706,-14.57492967923747,1.0,10.23544098095876,275,1.0
Primate_TP53.4.codon.fas.MEME.json,12.6384951684834,2.529285675132519,1e-08,3.456701153933642,0.99999999,0.0,0.6666666666666666,0.0,0.0,-14.68623693799686,-14.68791155373967,1.0,12.88741000958281,276,1.0
Primate_TP53.4.codon.fas.MEME.json,0.0,0.0,1.0,0.0,0.0,0.0,1.0,0.0,0.0,0.0,0.0,1.0,0.0,277,1.0
Primate_TP53.4.codon.fas.MEME.json,5.968554832035148,0.0,1e-08,0.3807434433704398,0.99999999,0.0,0.6666666666666666,0.0,0.0,-8.704057951859985,-8.704030425337754,0.9999724738566184,5.842359332922489,278,1.0
Primate_TP53.4.codon.fas.MEME.json,30.95941723644305,0.0,1e-08,2.874157866861318,0.99999999,0.0,0.6666666666666666,0.0,0.0,-9.160611055347164,-9.160747066153595,1.0,31.36298785523561,279,1.0
Primate_TP53.5.codon.fas.MEME.json,0.0,0.0,1.0,0.0,0.0,0.0,1.0,0.0,0.0,0.0,0.0,1.0,0.0,1,1.0
Primate_TP53.5.codon.fas.MEME.json,2.479363671872278,0.4981890343492044,1e-08,63.02456744517397,0.99999999,0.71247580290526,0.3763658040002916,0.0,0.0,-13.76325496583657,-13.35966777294257,0.6679197863835564,2.48733361138512,2,1.0
Primate_TP53.5.codon.fas.MEME.json,4.87791708690045,1.469076706893894,1e-08,3.017116590588686,0.99999999,0.0,0.6666666666666666,0.0,0.0,-13.36356747867748,-13.36321262035211,0.9996452046293806,4.914492028357679,3,1.0
Primate_TP53.5.codon.fas.MEME.json,0.0,0.0,1.0,0.0,0.0,0.0,1.0,0.0,0.0,0.0,0.0,1.0,0.0,4,1.0
Primate_TP53.5.codon.fas.MEME.json,0.0,0.0,1.0,0.0,0.0,0.0,1.0,0.0,0.0,0.0,0.0,1.0,0.0,5,1.0
Primate_TP53.5.codon.fas.MEME.json,0.9429154617179898,0.0,1e-08,81.27637432865559,0.99999999,2.573725042005421,0.1338452751072394,1.0,0.0,-13.95099329020764,-12.39302772520861,0.2105640145018056,0.8617980369737221,6,1.0
Primate_TP53.5.codon.fas.MEME.json,2.530996237686713,0.0,1e-08,0.74613466716461,0.99999999,0.0,0.6666666666666666,0.0,0.0,-4.285733579108898,-4.285705883579368,0.999972304853986,2.57015377163727,7,1.0
Primate_TP53.5.codon.fas.MEME.json,4.787485526992466,0.6497957907702265,1e-08,0.5779398399345236,0.99999999,0.0,0.6666666666666666,0.0,0.0,-13.08540894508585,-13.08579093325271,1.0,4.898320956104251,8,1.0
Primate_TP53.5.codon.fas.MEME.json,0.0,0.0,1.0,0.0,0.0,0.0,1.0,0.0,0.0,0.0,0.0,1.0,0.0,9,1.0
Primate_TP53.5.codon.fas.MEME.json,0.0,0.0,1.0,0.0,0.0,0.0,1.0,0.0,0.0,0.0,0.0,1.0,0.0,10,1.0
Primate_TP53.5.codon.fas.MEME.json,0.0,0.0,1.0,0.0,0.0,0.0,1.0,0.0,0.0,0.0,0.0,1.0,0.0,11,1.0
Primate_TP53.5.codon.fas.MEME.json,0.0,0.0,1.0,0.0,0.0,0.0,1.0,0.0,0.0,0.0,0.0,1.0,0.0,12,1.0
Primate_TP53.5.codon.fas.MEME.json,0.0,0.0,1.0,0.0,0.0,0.0,1.0,0.0,0.0,0.0,0.0,1.0,0.0,13,1.0
Primate_TP53.5.codon.fas.MEME.json,0.0,0.0,1.0,0.0,0.0,0.0,1.0,0.0,0.0,0.0,0.0,1.0,0.0,14,1.0
Primate_TP53.5.codon.fas.MEME.json,0.0,0.0,1.0,0.0,0.0,0.0,1.0,0.0,0.0,0.0,0.0,1.0,0.0,15,1.0
Primate_TP53.5.codon.fas.MEME.json,0.0,0.0,1.0,0.0,0.0,0.0,1.0,0.0,0.0,0.0,0.0,1.0,0.0,16,1.0
Primate_TP53.5.codon.fas.MEME.json,0.0,0.0,1.0,0.0,0.0,0.0,1.0,0.0,0.0,0.0,0.0,1.0,0.0,17,1.0
Primate_TP53.5.codon.fas.MEME.json,0.0,0.0,1.0,0.0,0.0,0.0,1.0,0.0,0.0,0.0,0.0,1.0,0.0,18,1.0
Primate_TP53.5.codon.fas.MEME.json,11.57714981947398,0.0,1e-08,10.96838303333779,0.99999999,0.0,0.6666666666666666,0.0,0.0,-13.82753000469629,-12.9242712110279,0.4052468895648732,12.42626519568231,19,1.0
Primate_TP53.5.codon.fas.MEME.json,3.388660066611251,1.31084238556692,1e-08,1.126467612976226,0.99999999,0.0,0.6666666666666666,0.0,0.0,-9.18218122097092,-9.181190495176455,0.9990097648122536,3.522246010968092,20,1.0
Primate_TP53.5.codon.fas.MEME.json,16.53781555700257,2.483476621154939,1e-08,2.176314504191953,0.99999999,0.0,0.6666666666666666,0.0,0.0,-25.11202495097193,-25.11313669743457,1.0,16.73536485620631,21,1.0
Primate_TP53.5.codon.fas.MEME.json,34.55076336270002,2.343487532400637,1e-08,6.0791677739599,0.99999999,0.0,0.6666666666666666,0.0,0.0,-21.45961216549756,-21.45556908914831,0.9959650858798444,34.47874374386739,22,1.0
Primate_TP53.5.codon.fas.MEME.json,2.084253400130077,0.0,1e-08,14.19121178435308,0.99999999,1.732781569079698,0.210587817974338,1.0,0.0,-18.35792395666335,-15.75785409822561,0.0742683897632855,1.207627606573516,23,1.0
Primate_TP53.5.codon.fas.MEME.json,5.192714916483156,2.262412332842934,1e-08,2.08146568458603,0.99999999,0.0,0.6666666666666666,0.0,0.0,-13.64894952453006,-13.65022336838025,1.0,5.074861798974501,24,1.0
Primate_TP53.5.codon.fas.MEME.json,0.0001434461835028,8.109004529625123e-07,1e-08,1.621032992804613,0.99999999,1.7013857343659,0.2142423165666268,1.0,0.0,-8.411809447554171,-8.412074237345223,1.0,1.141385795814313e-05,25,1.0
Primate_TP53.5.codon.fas.MEME.json,9.67403911401314,0.7981858198285748,1e-08,0.8633632768675522,0.99999999,0.0,0.6666666666666666,0.0,0.0,-16.62965069924541,-16.62974450361272,1.0,9.59132637116017,26,1.0
Primate_TP53.5.codon.fas.MEME.json,0.8123468551092962,0.0697321956610683,1e-08,2.823297341579539,0.99999999,0.1412583224936199,0.5537726834715222,0.0,0.0,-15.07881208413409,-15.07945749511645,1.0,0.798724550420465,27,1.0
Primate_TP53.5.codon.fas.MEME.json,2.123929969057012,0.7167900706118204,1e-08,0.6275240380297021,0.99999999,0.0,0.6666666666666666,0.0,0.0,-7.107337338076827,-7.107920695492255,1.0,2.1165937339106,28,1.0
Primate_TP53.5.codon.fas.MEME.json,1.847894925920525,0.0663545602951891,1e-08,2.795704984355692,0.99999999,0.0582867456752822,0.598902350493038,1.0,0.0,-9.265793990310623,-9.26592283871015,1.0,1.735169201438248,29,1.0
Primate_TP53.5.codon.fas.MEME.json,34.69859996790922,5.476173032527655,1e-08,6.405992895765272,0.99999999,0.0,0.6666666666666666,0.0,0.0,-33.56924007115789,-33.56970700780345,1.0,35.08661097556578,30,1.0
Primate_TP53.5.codon.fas.MEME.json,9655.64485624935,1.518823685590731,1e-08,0.969711015397866,0.99999999,0.0,0.6666666666666666,0.0,0.0,-10.18798138566722,-10.20318766759418,1.0,10000.0,31,1.0
Primate_TP53.5.codon.fas.MEME.json,0.0001371526148149,8.64949970308603e-06,1e-08,1.540321408208654,0.99999999,0.6283385284074825,0.3962012647184314,2.0,0.0,-12.75241660361148,-12.75260144409392,1.0,5.536911472053114e-06,32,1.0
Primate_TP53.5.codon.fas.MEME.json,0.0,0.0,1.0,0.0,0.0,0.0,1.0,0.0,0.0,0.0,0.0,1.0,0.0,33,1.0
Primate_TP53.5.codon.fas.MEME.json,0.0015716732570057,4.792004720229812e-05,1e-08,8.644995779535947,0.99999999,2.298855277047203,0.1550074346096886,1.0,0.0,-22.22393488323456,-22.22594461658834,1.0,6.171181426719372e-05,34,1.0
Primate_TP53.5.codon.fas.MEME.json,48.90396390585884,0.0,1e-08,2.00752982135135,0.99999999,0.0,0.6666666666666666,0.0,0.0,-10.8840481503906,-10.88428186123835,1.0,50.28058724382571,35,1.0
Primate_TP53.5.codon.fas.MEME.json,9.483830467358532,1.180474479675087,1e-08,1.166158234075288,0.99999999,0.0,0.6666666666666666,0.0,0.0,-16.84349453693766,-16.84271424871294,0.9992200161209344,9.202491723083751,36,1.0
Primate_TP53.5.codon.fas.MEME.json,1.828011945626574,0.0,1e-08,0.3298686254756427,0.99999999,0.0,0.6666666666666666,0.0,0.0,-6.631814601314689,-6.631815606315208,1.0,1.824814114490649,37,1.0
Primate_TP53.5.codon.fas.MEME.json,2.759572721449318,1.14103240461854,1e-08,1.167915978373929,0.99999999,0.0,0.6666666666666666,0.0,0.0,-9.97157146626448,-9.971942341286711,1.0,2.849309860021812,38,1.0
Primate_TP53.5.codon.fas.MEME.json,9.655141252870523,0.8405875497164411,1e-08,0.2407731855029695,0.99999999,0.0,0.6666666666666666,0.0,0.0,-13.66328607247173,-13.66324460544108,0.9999585338290932,9.501501070613369,39,1.0
Primate_TP53.5.codon.fas.MEME.json,24.46778986223334,0.6562253338820103,1e-08,1.340011657840917,0.99999999,0.0,0.6666666666666666,0.0,0.0,-13.54271837790902,-13.54255095845688,0.9998325945617058,24.39354052499461,40,1.0
Primate_TP53.5.codon.fas.MEME.json,0.0,0.0,1.0,0.0,0.0,0.0,1.0,0.0,0.0,0.0,0.0,1.0,0.0,41,1.0
Primate_TP53.5.codon.fas.MEME.json,0.0,0.0,1.0,0.0,0.0,0.0,1.0,0.0,0.0,0.0,0.0,1.0,0.0,42,1.0
Primate_TP53.5.codon.fas.MEME.json,0.0,0.0,1.0,0.0,0.0,0.0,1.0,0.0,0.0,0.0,0.0,1.0,0.0,43,1.0
Primate_TP53.5.codon.fas.MEME.json,0.0,0.0,1.0,0.0,0.0,0.0,1.0,0.0,0.0,0.0,0.0,1.0,0.0,44,1.0
Primate_TP53.5.codon.fas.MEME.json,0.0,0.0,1.0,0.0,0.0,0.0,1.0,0.0,0.0,0.0,0.0,1.0,0.0,45,1.0
Primate_TP53.5.codon.fas.MEME.json,0.0,0.0,1.0,0.0,0.0,0.0,1.0,0.0,0.0,0.0,0.0,1.0,0.0,46,1.0
Primate_TP53.5.codon.fas.MEME.json,0.0,0.0,1.0,0.0,0.0,0.0,1.0,0.0,0.0,0.0,0.0,1.0,0.0,47,1.0
Primate_TP53.5.codon.fas.MEME.json,0.0,0.0,1.0,0.0,0.0,0.0,1.0,0.0,0.0,0.0,0.0,1.0,0.0,48,1.0
Primate_TP53.5.codon.fas.MEME.json,0.0,0.0,1.0,0.0,0.0,0.0,1.0,0.0,0.0,0.0,0.0,1.0,0.0,49,1.0
Primate_TP53.5.codon.fas.MEME.json,0.0,0.0,1.0,0.0,0.0,0.0,1.0,0.0,0.0,0.0,0.0,1.0,0.0,50,1.0
Primate_TP53.5.codon.fas.MEME.json,0.0,0.0,1.0,0.0,0.0,0.0,1.0,0.0,0.0,0.0,0.0,1.0,0.0,51,1.0
Primate_TP53.5.codon.fas.MEME.json,0.0,0.0,1.0,0.0,0.0,0.0,1.0,0.0,0.0,0.0,0.0,1.0,0.0,52,1.0
Primate_TP53.5.codon.fas.MEME.json,0.0,0.0,1.0,0.0,0.0,0.0,1.0,0.0,0.0,0.0,0.0,1.0,0.0,53,1.0
Primate_TP53.5.codon.fas.MEME.json,0.0,0.0,1.0,0.0,0.0,0.0,1.0,0.0,0.0,0.0,0.0,1.0,0.0,54,1.0
Primate_TP53.5.codon.fas.MEME.json,0.0,0.0,1.0,0.0,0.0,0.0,1.0,0.0,0.0,0.0,0.0,1.0,0.0,55,1.0
Primate_TP53.5.codon.fas.MEME.json,0.0,0.0,1.0,0.0,0.0,0.0,1.0,0.0,0.0,0.0,0.0,1.0,0.0,56,1.0
Primate_TP53.5.codon.fas.MEME.json,0.0,0.0,1.0,0.0,0.0,0.0,1.0,0.0,0.0,0.0,0.0,1.0,0.0,57,1.0
Primate_TP53.5.codon.fas.MEME.json,0.0,0.0,1.0,0.0,0.0,0.0,1.0,0.0,0.0,0.0,0.0,1.0,0.0,58,1.0
Primate_TP53.5.codon.fas.MEME.json,0.0,0.0,1.0,0.0,0.0,0.0,1.0,0.0,0.0,0.0,0.0,1.0,0.0,59,1.0
Primate_TP53.5.codon.fas.MEME.json,0.0,0.0,1.0,0.0,0.0,0.0,1.0,0.0,0.0,0.0,0.0,1.0,0.0,60,1.0
Primate_TP53.5.codon.fas.MEME.json,0.0,0.0,1.0,0.0,0.0,0.0,1.0,0.0,0.0,0.0,0.0,1.0,0.0,61,1.0
Primate_TP53.5.codon.fas.MEME.json,0.0,0.0,1.0,0.0,0.0,0.0,1.0,0.0,0.0,0.0,0.0,1.0,0.0,62,1.0
Primate_TP53.5.codon.fas.MEME.json,0.0,0.0,1.0,0.0,0.0,0.0,1.0,0.0,0.0,0.0,0.0,1.0,0.0,63,1.0
Primate_TP53.5.codon.fas.MEME.json,0.0,0.0,1.0,0.0,0.0,0.0,1.0,0.0,0.0,0.0,0.0,1.0,0.0,64,1.0
Primate_TP53.5.codon.fas.MEME.json,0.0,0.0,1.0,0.0,0.0,0.0,1.0,0.0,0.0,0.0,0.0,1.0,0.0,65,1.0
Primate_TP53.5.codon.fas.MEME.json,0.0,0.0,1.0,0.0,0.0,0.0,1.0,0.0,0.0,0.0,0.0,1.0,0.0,66,1.0
Primate_TP53.5.codon.fas.MEME.json,0.0,0.0,1.0,0.0,0.0,0.0,1.0,0.0,0.0,0.0,0.0,1.0,0.0,67,1.0
Primate_TP53.5.codon.fas.MEME.json,0.0,0.0,1.0,0.0,0.0,0.0,1.0,0.0,0.0,0.0,0.0,1.0,0.0,68,1.0
Primate_TP53.5.codon.fas.MEME.json,0.0,0.0,1.0,0.0,0.0,0.0,1.0,0.0,0.0,0.0,0.0,1.0,0.0,69,1.0
Primate_TP53.5.codon.fas.MEME.json,0.0,0.0,1.0,0.0,0.0,0.0,1.0,0.0,0.0,0.0,0.0,1.0,0.0,70,1.0
Primate_TP53.5.codon.fas.MEME.json,0.0,0.0,1.0,0.0,0.0,0.0,1.0,0.0,0.0,0.0,0.0,1.0,0.0,71,1.0
Primate_TP53.5.codon.fas.MEME.json,0.0,0.0,1.0,0.0,0.0,0.0,1.0,0.0,0.0,0.0,0.0,1.0,0.0,72,1.0
Primate_TP53.5.codon.fas.MEME.json,0.0,0.0,1.0,0.0,0.0,0.0,1.0,0.0,0.0,0.0,0.0,1.0,0.0,73,1.0
Primate_TP53.5.codon.fas.MEME.json,0.0,0.0,1.0,0.0,0.0,0.0,1.0,0.0,0.0,0.0,0.0,1.0,0.0,74,1.0
Primate_TP53.5.codon.fas.MEME.json,0.0,0.0,1.0,0.0,0.0,0.0,1.0,0.0,0.0,0.0,0.0,1.0,0.0,75,1.0
Primate_TP53.5.codon.fas.MEME.json,0.0,0.0,1.0,0.0,0.0,0.0,1.0,0.0,0.0,0.0,0.0,1.0,0.0,76,1.0
Primate_TP53.5.codon.fas.MEME.json,0.0,0.0,1.0,0.0,0.0,0.0,1.0,0.0,0.0,0.0,0.0,1.0,0.0,77,1.0
Primate_TP53.5.codon.fas.MEME.json,0.0,0.0,1.0,0.0,0.0,0.0,1.0,0.0,0.0,0.0,0.0,1.0,0.0,78,1.0
Primate_TP53.5.codon.fas.MEME.json,0.0,0.0,1.0,0.0,0.0,0.0,1.0,0.0,0.0,0.0,0.0,1.0,0.0,79,1.0
Primate_TP53.5.codon.fas.MEME.json,0.0,0.0,1.0,0.0,0.0,0.0,1.0,0.0,0.0,0.0,0.0,1.0,0.0,80,1.0
Primate_TP53.5.codon.fas.MEME.json,0.0,0.0,1.0,0.0,0.0,0.0,1.0,0.0,0.0,0.0,0.0,1.0,0.0,81,1.0
Primate_TP53.5.codon.fas.MEME.json,0.0,0.0,1.0,0.0,0.0,0.0,1.0,0.0,0.0,0.0,0.0,1.0,0.0,82,1.0
Primate_TP53.5.codon.fas.MEME.json,0.0,0.0,1.0,0.0,0.0,0.0,1.0,0.0,0.0,0.0,0.0,1.0,0.0,83,1.0
Primate_TP53.5.codon.fas.MEME.json,0.0,0.0,1.0,0.0,0.0,0.0,1.0,0.0,0.0,0.0,0.0,1.0,0.0,84,1.0
Primate_TP53.5.codon.fas.MEME.json,0.0,0.0,1.0,0.0,0.0,0.0,1.0,0.0,0.0,0.0,0.0,1.0,0.0,85,1.0
