&alpha;,&beta;<sup>1</sup>,p<sup>1</sup>,&beta;<sup>+</sup>,p<sup>+</sup>,LRT,p-value,# branches under selection,Total branch length,MEME LogL,FEL LogL,FEL &alpha;,FEL &beta;,CodonSite,adjusted_p-value
0.0,0.0,1.0,0.0,0.0,0.0,1.0,0.0,0.0,0.0,0.0,1.0,0.0,1,1.0
1.353608642020017,0.9104997111926092,1e-08,7.360851643601091,0.99999999,2.828170007273513,0.1169414180971197,0.0,0.0,-74.25524182741412,-74.05353825482096,0.8173371731656636,1.348566511035446,2,0.9333333333333332
0.9693148845373004,0.5356960415210998,1e-08,13.0328657590621,0.99999999,3.042083611763601,0.1044503706292109,1.0,0.0,-60.24126846584111,-58.96078939558421,0.2779041329155483,1.453440017452627,3,0.9333333333333332
0.0,0.0,1.0,0.0,0.0,0.0,1.0,0.0,0.0,0.0,0.0,1.0,0.0,4,1.0
0.0,0.0,1.0,0.0,0.0,0.0,1.0,0.0,0.0,0.0,0.0,1.0,0.0,5,1.0
0.0,0.0,1.0,0.0,0.0,0.0,1.0,0.0,0.0,0.0,0.0,1.0,0.0,6,1.0
0.0,0.0,1.0,0.0,0.0,0.0,1.0,0.0,0.0,0.0,0.0,1.0,0.0,7,1.0
0.0,0.0,1.0,0.0,0.0,0.0,1.0,0.0,0.0,0.0,0.0,1.0,0.0,8,1.0
0.0,0.0,1.0,0.0,0.0,0.0,1.0,0.0,0.0,0.0,0.0,1.0,0.0,9,1.0
0.5837534503512892,0.582612489396174,1e-08,31.40026270241219,0.99999999,4.314896252421605,0.05372794614071308,0.0,0.0,-49.44269105916734,-48.30077765987054,0.319207665360466,0.5199383265182254,10,0.9333333333333332
2.280674161668126,1.6721564262066,1e-08,2.188105706372104,0.99999999,0.0,0.6666666666666666,0.0,0.0,-39.98337617353395,-39.9919435584118,1.0,2.212581731852237,11,0.9333333333333332
6.295898021357052,2.408340357215266,1e-08,499.4584597267543,0.99999999,1.457374363510642,0.2451365951411208,0.0,0.0,-15.0880597988415,-14.48336395672013,0.5462405447170893,6.760365698248974,12,0.9333333333333332
6.891920228615458,0.3323338432786593,1e-08,8.897451427129289,0.99999999,0.01777192423050167,0.631607052062996,0.0,0.0,-14.17388294037015,-14.17378139033589,0.9998984551217642,7.182086660597567,13,0.9333333333333332
24.52435098897741,6.723407792642003,1e-08,6.710299756066577,0.99999999,0.0,0.6666666666666666,0.0,0.0,-15.21808808846977,-15.21847374601239,1.0,23.99980390816162,14,0.9333333333333332
22.68063293164401,1.063346578168128,1e-08,22.94313174048088,0.99999999,8.79686597414775e-05,0.6644055260394093,0.0,0.0,-9.003134290623722,-9.003604058019093,1.0,21.01852166716493,15,0.9333333333333332
0.002529227136212431,7.711570027534499e-05,1e-08,11.34588197515345,0.99999999,1.322803764356847,0.2642735129862004,0.0,0.0,-6.929436207030504,-6.930490640748473,1.0,0.0003189258681479788,16,0.9333333333333332
0.0003516505412147111,0.0001943443374610295,1e-08,44.3537724784269,0.99999999,1.946842157119235,0.1874006699507166,0.0,0.0,-8.114422967015006,-7.978890000623581,0.8732503745337102,9.86964422184304e-05,17,0.9333333333333332
20.70484188346613,0.0,1e-08,3.607657956203825,0.99999999,0.0,0.6666666666666666,0.0,0.0,-5.461894935792844,-5.461433777144555,0.999538947668993,19.66236075587749,18,0.9333333333333332
0.01042631179002018,0.004821860144036113,1e-08,631.3289868635278,0.99999999,1.940718860018102,0.1880243140228659,0.0,0.0,-11.40957541939306,-10.55810566789973,0.4267871996026865,7.503717964051789e-07,19,0.9333333333333332
36.73701398479984,0.0,1e-08,170.3932089083279,0.99999999,0.4408780624130131,0.4461374198643082,1.0,0.0,-19.78872165725433,-19.33871108871279,0.6376214128389408,36.900417966431,20,0.9333333333333332
0.005660469270373268,0.002550814178821657,1e-08,266.1952614163583,0.99999999,1.478783331754066,0.2422377179753578,0.0,0.0,-9.557864943229557,-9.194447540564878,0.6952961544382392,0.0002731773378257433,21,0.9333333333333332
10.81854422384892,0.8373586358110913,1e-08,6.086367974385007,0.99999999,0.0,0.6666666666666666,0.0,0.0,-10.92045372653129,-10.92702532160308,1.0,10.78407372662896,22,0.9333333333333332
7.374776426391585,3.383540412099173,1e-08,4.573565713797668,0.99999999,0.0,0.6666666666666666,0.0,0.0,-13.83342128868914,-13.83487657591888,1.0,7.707715484158538,23,0.9333333333333332
18.06734608651132,6.263493507819869,1e-08,19.98608935239715,0.99999999,-0.0002704106400415185,0.6666666666666666,0.0,0.0,-12.63319376743686,-12.63258802586237,0.9993944418498691,18.48229897442303,24,0.9333333333333332
0.0,0.0,1.0,0.0,0.0,0.0,1.0,0.0,0.0,0.0,0.0,1.0,0.0,25,1.0
0.0,0.0,1.0,0.0,0.0,0.0,1.0,0.0,0.0,0.0,0.0,1.0,0.0,26,1.0
0.0,0.0,1.0,0.0,0.0,0.0,1.0,0.0,0.0,0.0,0.0,1.0,0.0,27,1.0
0.0,0.0,1.0,0.0,0.0,0.0,1.0,0.0,0.0,0.0,0.0,1.0,0.0,28,1.0
0.0,0.0,1.0,0.0,0.0,0.0,1.0,0.0,0.0,0.0,0.0,1.0,0.0,29,1.0
5.869656136831686,0.506723258585281,1e-08,15.96816697369135,0.99999999,0.4293633319273766,0.4495164730119747,0.0,0.0,-16.95739351956482,-16.95766179116746,1.0,5.936808303222221,30,0.9333333333333332
3.470126566905439,0.09471257633037942,1e-08,11.03446019672546,0.99999999,0.7211876078952031,0.3743891827480053,0.0,0.0,-14.49892941747823,-14.4991127658516,1.0,3.350752194652457,31,0.9333333333333332
81.40897233372505,4.025361226539553,1e-08,26.72670871094257,0.99999999,0.0,0.6666666666666666,0.0,0.0,-20.95625369441954,-20.92402884386625,0.968288837317635,87.96089225761746,32,0.9333333333333332
8.74619924163896,0.0,1e-08,62.32258120508597,0.99999999,0.9103122284500955,0.3346040840987615,1.0,0.0,-19.18569452768651,-17.9051112619804,0.2778751780780842,10.40214180085105,33,0.9333333333333332
0.00155627039816908,0.001132932260668722,1e-08,5688.85106793563,0.99999999,1.949420962722364,0.1871386886762538,0.0,0.0,-16.48160548107362,-15.5112089581827,0.3789327527667026,6.075321960474609,34,0.9333333333333332
2.670032309965219,0.2056636547521852,1e-08,3.250861496910732,0.99999999,0.02051844489025711,0.6287537561038804,0.0,0.0,-13.11702036021814,-13.11735874846653,1.0,2.72851360128578,35,0.9333333333333332
4.543432721865748,1.999544071670983,1e-08,1.818171533214521,0.99999999,0.0,0.6666666666666666,0.0,0.0,-16.3327651135289,-16.33287085933559,1.0,4.546358714555601,36,0.9333333333333332
0.0001657997024078615,7.588486035441782e-06,1e-08,9.0962264227764,0.99999999,4.161543469060856,0.05817791842708198,0.0,0.0,-14.18290635324489,-14.18292291504804,1.0,4.606537807352521e-05,37,0.9333333333333332
0.001977037655460717,0.001513941153708538,1e-08,28.64892961463103,0.99999999,0.792023821264344,0.3588128428366811,0.0,0.0,-16.63058609748083,-16.57052650985261,0.941708417738242,0.004838372407559913,38,0.9333333333333332
13.16438659155528,2.966695613466178,1e-08,33.36874482269317,0.99999999,0.01152881514029502,0.6389072145940461,0.0,0.0,-18.32417846545161,-18.29186895887837,0.9682068693080959,12.43875655019143,39,0.9333333333333332
4.371980234487534,0.3705778220788,1e-08,5.084597635242906,0.99999999,0.01225691985996136,0.6379800992300557,0.0,0.0,-14.62903346080869,-14.62931959589359,1.0,4.256284773365838,40,0.9333333333333332
0.0003730309597527943,0.0002183994476871196,1e-08,5993.805212377114,0.99999999,2.652916887924697,0.1283270714229178,0.0,0.0,-12.62628858038642,-11.3017919672798,0.2659367944592699,2.810374628035123,41,0.9333333333333332
22.32791652405246,1.405652989179726,1e-08,1.468948405566571,0.99999999,0.0,0.6666666666666666,0.0,0.0,-13.29510309492866,-13.29522877961045,1.0,21.92266027082618,42,0.9333333333333332
5.667651130082206,0.0,1e-08,0.5814954463093598,0.99999999,0.0,0.6666666666666666,0.0,0.0,-6.925682467551358,-6.925136645107916,0.999454326490501,5.419723216698027,43,0.9333333333333332
4.353886815847815e-05,2.636944360868686e-05,1e-08,32.54198299186574,0.99999999,2.5741015237498,0.1338184629390408,0.0,0.0,-10.42510136668209,-10.03754475101602,0.6787132073466378,0.117739115397023,44,0.9333333333333332
0.01883036987534709,0.001320863517020179,1e-08,14.9403603535145,0.99999999,1.219862659386621,0.280058615620145,0.0,0.0,-13.60814998658041,-13.60669927262452,0.9985503378208549,0.03876284811426787,45,0.9333333333333332
8.383319205600268,0.7131007354565323,1e-08,9.81219245560373,0.99999999,0.02067588324790037,0.6285952411090374,0.0,0.0,-14.94981058874897,-14.95038146843437,1.0,8.013860668512448,46,0.9333333333333332
0.001032736397999756,2.68807388893366e-05,1e-08,4.610473718078362,0.99999999,0.8193155097025073,0.3530358319244159,0.0,0.0,-7.985428625677293,-7.986267916416035,1.0,2.771012898471935e-05,47,0.9333333333333332
0.0,0.0,1.0,0.0,0.0,0.0,1.0,0.0,0.0,0.0,0.0,1.0,0.0,48,1.0
0.0,0.0,1.0,0.0,0.0,0.0,1.0,0.0,0.0,0.0,0.0,1.0,0.0,49,1.0
0.0,0.0,1.0,0.0,0.0,0.0,1.0,0.0,0.0,0.0,0.0,1.0,0.0,50,1.0
5.889807176405817,4.808906056100646,1e-08,6.256141833057812,0.99999999,-0.004837841222396833,0.6666666666666666,0.0,0.0,-9.97493535181139,-9.977588889320936,1.0,5.501754389070788,51,0.9333333333333332
0.01545124387018504,0.006958838250637827,1e-08,1686.676899745075,0.99999999,3.59546247756224,0.0781285088414122,0.0,0.0,-11.96281545747031,-10.46981993742615,0.2246985573334174,0.0002332661525076274,52,0.9333333333333332
8.1849852664769,2.813370919046571,1e-08,2.993535588249157,0.99999999,0.0,0.6666666666666666,0.0,0.0,-10.28351444464421,-10.27575549560212,0.9922710739036106,9.606570577145805,53,0.9333333333333332
0.0006635080443717446,0.0003585462702058771,1e-08,31.0067762374767,0.99999999,1.469193933851425,0.2435314180733849,1.0,0.0,-9.174900708994256,-8.851839889339367,0.7239298238525684,0.000979219981236136,54,0.9333333333333332
0.0,0.0,1.0,0.0,0.0,0.0,1.0,0.0,0.0,0.0,0.0,1.0,0.0,55,1.0
9.098615567909334,0.0,1e-08,3.049463170459503,0.99999999,0.0,0.6666666666666666,0.0,0.0,-8.814530694158552,-8.814276709235187,0.999746047328062,9.23750972618374,56,0.9333333333333332
8.579623456094296,6.286076233513823,1e-08,6.652436088271386,0.99999999,0.0,0.6666666666666666,0.0,0.0,-12.3720739845231,-12.37230581544777,1.0,8.596452940614181,57,0.9333333333333332
0.0003392357584074467,6.21473196534011e-05,1e-08,6.790510355581049,0.99999999,2.725216786241859,0.1234962110832394,0.0,0.0,-11.3307347988231,-11.32359188909588,0.9928825402204835,0.02374835652061253,58,0.9333333333333332
7.406576778129333,6.284179009390309,1e-08,6.798392815243597,0.99999999,0.0,0.6666666666666666,0.0,0.0,-12.56946255629677,-12.57011671187607,1.0,7.187117945989811,59,0.9333333333333332
7.860186365808114,0.0,1e-08,23.74890910491008,0.99999999,0.1941556627677947,0.530588687369609,1.0,0.0,-9.805139703657053,-9.570962993617577,0.7912219866619837,7.607267481950323,60,0.9333333333333332
0.001416364011928549,4.318469504059635e-05,1e-08,11.79848893961105,0.99999999,3.36285614189466,0.08824430088620139,0.0,0.0,-13.68828115992553,-13.69002688219027,1.0,3.560358529000709e-05,61,0.9333333333333332
0.0004244627138331651,0.0002267199683520544,1e-08,28.97253033802892,0.99999999,2.298159995939603,0.1550652180445298,0.0,0.0,-9.559772402979874,-9.315587823019388,0.7833430314808261,2.662950950110272e-05,62,0.9333333333333332
5.659193060700809,4.047024517233041,1e-08,5.441788331483655,0.99999999,0.0,0.6666666666666666,0.0,0.0,-10.00683124343059,-10.00583771475479,0.9990069647103526,5.386754593702917,63,0.9333333333333332
5.251200824627371,1.89931017298876,1e-08,2.236914132872998,0.99999999,0.0,0.6666666666666666,0.0,0.0,-9.919698993589169,-9.921475258638287,1.0,5.493240776273971,64,0.9333333333333332
12.9845885133654,0.4699277731809201,1e-08,15.43101059103997,0.99999999,0.01711733983341901,0.6323140441195118,0.0,0.0,-16.71733875183334,-16.71772239514346,1.0,12.92337361412866,65,0.9333333333333332
0.0,0.0,1.0,0.0,0.0,0.0,1.0,0.0,0.0,0.0,0.0,1.0,0.0,66,1.0
1.907520666228991,1.171110956134531,1e-08,1.152127308086945,0.99999999,0.0,0.6666666666666666,0.0,0.0,-32.27132135339315,-32.27146714899742,1.0,1.927570962446195,67,0.9333333333333332
0.0,0.0,1.0,0.0,0.0,0.0,1.0,0.0,0.0,0.0,0.0,1.0,0.0,68,1.0
0.0,0.0,1.0,0.0,0.0,0.0,1.0,0.0,0.0,0.0,0.0,1.0,0.0,69,1.0
0.0,0.0,1.0,0.0,0.0,0.0,1.0,0.0,0.0,0.0,0.0,1.0,0.0,70,1.0
0.913361647310127,0.0,1e-08,2.733707573040079,0.99999999,0.8284396155125506,0.3511309828269853,4.0,0.0,-43.48384808824656,-43.33763633129409,0.8639747311493782,0.9315861331136587,71,0.9333333333333332
0.8948816082214691,0.0,1e-08,31.40333885012874,0.99999999,10.13360205535776,0.002747706709843034,3.0,0.0,-36.60582877959453,-31.57490240057453,0.006532755958826075,1.244092137806059,72,0.2981261780179692
3.709423403888581,1.134734089790006,1e-08,1.141256996459239,0.99999999,0.0,0.6666666666666666,0.0,0.0,-44.54861653722686,-44.54885464462706,1.0,3.721308941637762,73,0.9333333333333332
3.356009068611818,1.282409206536624,1e-08,17.77406636163797,0.99999999,0.5088650325820225,0.4269865139869998,0.0,0.0,-62.06346243666096,-61.7331736440937,0.7187161435633063,3.291424008393577,74,0.9333333333333332
2.209721989744737,1.696171953872786,1e-08,2.458673423432913,0.99999999,-0.003061073613480403,0.6666666666666666,0.0,0.0,-41.18245646544712,-41.18452302541328,1.0,2.17962777061638,75,0.9333333333333332
2.226027019276838,0.1713311405714438,1e-08,2.784191862384689,0.99999999,0.1009230551683942,0.5738406053099876,0.0,0.0,-63.63397973322006,-63.6330283982815,0.9990491174370126,2.241455135108113,76,0.9333333333333332
0.0,0.0,1.0,0.0,0.0,0.0,1.0,0.0,0.0,0.0,0.0,1.0,0.0,77,1.0
0.0,0.0,1.0,0.0,0.0,0.0,1.0,0.0,0.0,0.0,0.0,1.0,0.0,78,1.0
0.0,0.0,1.0,0.0,0.0,0.0,1.0,0.0,0.0,0.0,0.0,1.0,0.0,79,1.0
0.0,0.0,1.0,0.0,0.0,0.0,1.0,0.0,0.0,0.0,0.0,1.0,0.0,80,1.0
1.074148289868993e-05,6.693228834036947e-06,1e-08,3.059395133637452,0.99999999,5.827789773370441,0.02462926668036747,5.0,0.0,-36.96673593985997,-36.54557916046429,0.6562872010144176,1.957194915177581e-05,81,0.7974725866223904
2.297358466699112,0.0,1e-08,2.349795224946465,0.99999999,0.0001443199716035792,0.663764704222546,2.0,0.0,-30.38163718778105,-30.1350689274894,0.7814780157876938,2.417695228604574,82,0.9333333333333332
4.584154480972593,0.0,1e-08,6.640494829678866,0.99999999,0.1862887189707578,0.5338631368337297,5.0,0.0,-85.43920084309737,-84.52982054161193,0.4027737449722048,4.584511195539426,83,0.9333333333333332
1.664001928007788,0.0,1e-08,3.744042242815251,0.99999999,0.372471166726271,0.4668600431293906,1.0,0.0,-34.45408662281986,-33.8859457749036,0.5665778144349438,1.655107347106873,84,0.9333333333333332
2.532091089637016,0.2150499337476597,1e-08,2.715043938068507,0.99999999,0.01832822508572463,0.6310148514548266,0.0,0.0,-66.31789391205557,-66.31851434586011,1.0,2.49331221247712,85,0.9333333333333332
1.813688350514266,0.09868524304827307,1e-08,3.06749369427504,0.99999999,0.4769001568749474,0.4358265415791265,0.0,0.0,-62.97102803578682,-62.97109783268142,1.0,1.803452412747781,86,0.9333333333333332
1.732616038769408,0.1245187876595971,1e-08,1.975938083886303,0.99999999,0.02318757511388014,0.6261312498973209,0.0,0.0,-43.83959956318746,-43.83967826333777,1.0,1.740171221551164,87,0.9333333333333332
5.294281571482125,1.981067426982361,1e-08,1.852478143573077,0.99999999,0.0,0.6666666666666666,0.0,0.0,-60.27226330240321,-60.27296650533899,1.0,5.389358634243112,88,0.9333333333333332
0.4541509560137323,0.2874205575962495,1e-08,5.613403354728939,0.99999999,5.165316508692541,0.03462272071165495,0.0,0.0,-55.25701126325313,-55.1206086084501,0.8724912489517072,0.4756336552455036,89,0.7974725866223904
1.7186768552628,1.590734535305633,1e-08,1.662167333453261,0.99999999,0.0,0.6666666666666666,0.0,0.0,-45.33280914783572,-45.3336666918612,1.0,1.679007622342129,90,0.9333333333333332
1.006153919684804,0.04658411510604801,1e-08,1.737927121294129,0.99999999,0.4349031218168449,0.4478855896313334,0.0,0.0,-48.83055988094226,-48.8307400308124,1.0,0.9985688343919167,91,0.9333333333333332
0.5416632306830093,0.0,1e-08,582.5608619319919,0.99999999,6.21376221718436,0.02020759709364739,3.0,0.0,-34.8556056984474,-31.40139139423732,0.03161213212203906,1.346167558204169,92,0.7974725866223904
1.108051235504472,0.06078281970675558,1e-08,1.997830799776754,0.99999999,0.4872813609006386,0.4329248046427084,0.0,0.0,-36.8467815667699,-36.84696142631792,1.0,1.106844214076164,93,0.9333333333333332
0.2989303597907711,0.1592777097832457,1e-08,5.96943863327806,0.99999999,6.780546837615702,0.01512116881960524,1.0,0.0,-44.76430298442288,-44.65344078622393,0.8950620815925442,0.3665409413464685,94,0.7974725866223904
5.60034864187184,4.240996987583407,1e-08,4.957019188963089,0.99999999,0.0,0.6666666666666666,0.0,0.0,-76.62311835350896,-76.62356511987116,1.0,5.614574051240626,95,0.9333333333333332
1.965887204436845,0.9447332483079719,1e-08,4.553194146461816,0.99999999,0.3131489434247072,0.4862511532582443,0.0,0.0,-61.33358921245168,-61.20313810895136,0.8776994083220058,2.038408012092336,96,0.9333333333333332
0.0,0.0,1.0,0.0,0.0,0.0,1.0,0.0,0.0,0.0,0.0,1.0,0.0,97,1.0
0.0,0.0,1.0,0.0,0.0,0.0,1.0,0.0,0.0,0.0,0.0,1.0,0.0,98,1.0
2.322812874574249,1.542491074039162,1e-08,127.9437237601522,0.99999999,3.04625120384803,0.1042212147442256,1.0,0.0,-47.27386228480749,-45.53850138730286,0.1763365493378475,3.035050479550185,99,0.9333333333333332
4.339853870701073,1.864411870005222,1e-08,19.90474730563561,0.99999999,0.1121029151578057,0.568008617971962,0.0,0.0,-57.51987855154901,-57.43832010579807,0.9216788400636657,4.373746115614346,100,0.9333333333333332
16.9961005481786,2.697767399359092,1e-08,3.01540177300036,0.99999999,0.0,0.6666666666666666,0.0,0.0,-53.94155109865047,-53.94175343928893,1.0,16.92427396967598,101,0.9333333333333332
3.985901016463091,0.8030134585772191,1e-08,0.8745741276788473,0.99999999,0.0,0.6666666666666666,0.0,0.0,-48.18139164557159,-48.18206317519956,1.0,3.953309962083671,102,0.9333333333333332
3.033966578355073,0.05281346040932876,1e-08,4.939630951165545,0.99999999,0.427904200840203,0.4499476573837231,1.0,0.0,-71.70784460156493,-71.70697365442041,0.9991294320198136,3.096570284327484,103,0.9333333333333332
10.76619331789155,2.678455829323645,1e-08,3.703750897419044,0.99999999,0.0,0.6666666666666666,0.0,0.0,-56.29498957088153,-56.29405956409882,0.9990704255395185,10.66787120073959,104,0.9333333333333332
0.8391097953586364,0.0,1e-08,21.43355826248654,0.99999999,6.364248879545443,0.01870898558134959,3.0,0.0,-46.56097056173503,-44.23273031062364,0.09746711391446783,0.967931474613951,105,0.7974725866223904
3.29674436161251,0.0,1e-08,3.469069748598692,0.99999999,-0.002672393274920637,0.6666666666666666,1.0,0.0,-50.4050615726305,-50.09845228512535,0.7359380849332903,3.292693709290954,106,0.9333333333333332
0.0,0.0,1.0,0.0,0.0,0.0,1.0,0.0,0.0,0.0,0.0,1.0,0.0,107,1.0
0.002413298792206689,5.564080735042278e-05,1e-08,6.144761578755181,0.99999999,0.8952936338815185,0.3375618448990699,0.0,0.0,-6.80872780896784,-6.808988818021383,1.0,0.0005986942616383134,108,0.9333333333333332
4.800551902870875,0.7527341893118297,1e-08,12.23992290864734,0.99999999,0.2319643496232828,0.5155347328216576,0.0,0.0,-53.31576860296525,-53.08206461737518,0.791596105060502,4.818570465348786,109,0.9333333333333332
2.987835834640479,2.987835834640479,1e-08,2.911991117961668,0.99999999,0.0,0.6666666666666666,0.0,0.0,-53.51026815050689,-53.5092544814686,0.9989868445505694,2.960647669710688,110,0.9333333333333332
1.915899696165589,0.0,1e-08,2.973454260645449,0.99999999,0.4455694889259405,0.4447725454750791,5.0,0.0,-53.11263194227467,-52.9055149758714,0.8129245595549022,1.866643388134082,111,0.9333333333333332
1.078896441997375,0.0,1e-08,8.248334995990309,0.99999999,5.697734181696191,0.02632967494942628,6.0,0.0,-62.01503096885865,-60.24165080828904,0.1697582079028201,1.017499390684886,112,0.7974725866223904
2.579133556740465,1.979095689558943,1e-08,1.941538029259595,0.99999999,0.0,0.6666666666666666,0.0,0.0,-47.77243102783584,-47.77252945334146,1.0,2.564944778236092,113,0.9333333333333332
0.0,0.0,1.0,0.0,0.0,0.0,1.0,0.0,0.0,0.0,0.0,1.0,0.0,114,1.0
3.534611297545184,2.827689038036147,1e-08,5.301916946317774,0.99999999,-0.02135343224995268,0.6666666666666666,0.0,0.0,-73.5905493396509,-73.6005696257316,1.0,3.534611297545184,115,0.9333333333333332
2.098402700073527,0.1779487568258115,1e-08,2.72464662169482,0.99999999,0.1628372121906239,0.543963475506028,0.0,0.0,-53.7262032998208,-53.72637207310586,1.0,2.066685914455843,116,0.9333333333333332
0.673530888965933,0.0436064301928488,1e-08,1.238178911819812,0.99999999,0.267704008849762,0.502193322095289,0.0,0.0,-28.00084533675503,-28.00103966003539,1.0,0.6847705253302122,117,0.9333333333333332
1.714539868606769,0.04753596260135222,1e-08,3.426603556549108,0.99999999,1.103287179540359,0.2992646016219059,0.0,0.0,-65.97731341032048,-65.97357205014029,0.9962656299873233,1.72099530630262,118,0.9333333333333332
1.153144799400015,0.0,1e-08,5.78209221063296,0.99999999,2.614833990115358,0.1309504792206121,4.0,0.0,-65.80792162477594,-65.377469579294,0.6502151014620694,1.227140874544978,119,0.9333333333333332
1.617617754889901,0.8116354719984171,1e-08,5.104965059052209,0.99999999,0.7717365798057187,0.3631861324705759,0.0,0.0,-48.61858270625306,-48.48759845864204,0.8772315927691031,1.643550337643947,120,0.9333333333333332
2.444784709158852,0.2810269732711742,1e-08,10.95062895336769,0.99999999,1.702879166233288,0.2140669234593145,1.0,0.0,-49.09454375929067,-48.25051799295856,0.4299760513411386,2.429934873542813,121,0.9333333333333332
0.0,0.0,1.0,0.0,0.0,0.0,1.0,0.0,0.0,0.0,0.0,1.0,0.0,122,1.0
0.0,0.0,1.0,0.0,0.0,0.0,1.0,0.0,0.0,0.0,0.0,1.0,0.0,123,1.0
0.0,0.0,1.0,0.0,0.0,0.0,1.0,0.0,0.0,0.0,0.0,1.0,0.0,124,1.0
0.0,0.0,1.0,0.0,0.0,0.0,1.0,0.0,0.0,0.0,0.0,1.0,0.0,125,1.0
3.681275069295497,0.2873078287460958,1e-08,3.964632666274937,0.99999999,0.01073085375242044,0.6399530684328459,0.0,0.0,-65.20436944691758,-65.20444461209695,1.0,3.676227510577756,126,0.9333333333333332
4.623548224879671,1.62094520503396,1e-08,1.484314497935651,0.99999999,0.0,0.6666666666666666,0.0,0.0,-54.17953303727558,-54.18020210911558,1.0,4.603774358687391,127,0.9333333333333332
4.578462466526398,1.767198849600147,1e-08,27.53120149982417,0.99999999,0.5171258000283956,0.4247465969400912,0.0,0.0,-69.40587182492703,-68.77854495076986,0.5340173904307315,5.018173155423294,128,0.9333333333333332
4.067573429859372,3.010701294623202,1e-08,3.071634582238986,0.99999999,0.0,0.6666666666666666,0.0,0.0,-62.43738071228177,-62.43751260773028,1.0,4.100261056460543,129,0.9333333333333332
1.864180602041924,0.1453485924205623,1e-08,2.126392801160717,0.99999999,0.01851986874622469,0.6308126086732189,0.0,0.0,-39.33935834697907,-39.33940316619966,1.0,1.870416638713824,130,0.9333333333333332
0.0,0.0,1.0,0.0,0.0,0.0,1.0,0.0,0.0,0.0,0.0,1.0,0.0,131,1.0
0.0,0.0,1.0,0.0,0.0,0.0,1.0,0.0,0.0,0.0,0.0,1.0,0.0,132,1.0
1.001123256223121,0.03490161966634203,1e-08,1.771632882752901,0.99999999,0.2669823887843421,0.5024552002098464,1.0,0.0,-54.47955344820427,-54.48034130722949,1.0,0.9560345364445382,133,0.9333333333333332
3.716272429626199,0.0,1e-08,8.481657491922526,0.99999999,0.4720820316753276,0.4371836375740575,5.0,0.0,-56.0828458648843,-54.95973753389605,0.3252671835719025,3.748480921350671,134,0.9333333333333332
2.331699639530007,1.271781914363831,1e-08,1.374613296507715,0.99999999,0.0,0.6666666666666666,0.0,0.0,-38.13718088175339,-38.13751920740395,1.0,2.342684847384284,135,0.9333333333333332
2.317786473890163,0.5795246336147775,1e-08,11.84343005477295,0.99999999,2.768752837890361,0.1206789546694685,0.0,0.0,-69.63811282420355,-68.32693131880687,0.2695014507481504,2.605925607464698,136,0.9333333333333332
1.857773693741128,0.009130647052546346,1e-08,3.13314710536158,0.99999999,0.5038745247496195,0.428348403089491,5.0,0.0,-72.88479186985572,-72.88478173626139,0.9999898664570143,1.859227909871076,137,0.9333333333333332
1.91713576729635,0.1149155315287366,1e-08,2.730946280707198,0.99999999,0.3575968260167315,0.4715871509513649,0.0,0.0,-68.791670582682,-68.7921112517846,1.0,1.917031443864818,138,0.9333333333333332
8.05245626785553e-05,4.576207316613809e-05,1e-08,5.125387118621041,0.99999999,5.049609746093935,0.03674988878444196,6.0,0.0,-50.50695862841788,-50.08434559650395,0.6553321766722484,2.03115347796996e-06,139,0.7974725866223904
0.5029981913135202,0.2474119463262758,1e-08,2.161148266443247,0.99999999,0.7310362693376575,0.3721711706090097,0.0,0.0,-31.61711570764703,-31.46338915506395,0.8575064718773263,0.5364238335558364,140,0.9333333333333332
0.9376787565652283,0.07311002338313212,1e-08,1.995401457585305,0.99999999,0.8896776491658756,0.3386761785419424,0.0,0.0,-50.39299392176984,-50.39306833715802,1.0,0.9407408707016416,141,0.9333333333333332
0.3741059914574758,0.03147237026043951,1e-08,3.799275065678613,0.99999999,1.392709098993976,0.2541306966822865,1.0,0.0,-68.78939741834064,-68.7900398183749,1.0,0.3389411383033885,142,0.9333333333333332
10.83658600816891,2.178373268709728,1e-08,2.693778792497227,0.99999999,0.0,0.6666666666666666,0.0,0.0,-68.94938187399629,-68.94997071935533,1.0,10.89618845808131,143,0.9333333333333332
0.7632871849667624,0.0,1e-08,56.82989642370575,0.99999999,5.31920912578228,0.03198529997486133,4.0,0.0,-52.85549138367762,-50.2352114033902,0.07278248231796358,1.147281450612635,144,0.7974725866223904
0.7459036537768732,0.0,1e-08,2.423046607923454,0.99999999,1.152080838341405,0.2910447597754167,4.0,0.0,-31.24238763173263,-31.09024924706099,0.8588694181471841,0.770339633665338,145,0.9333333333333332
0.5023666659255226,0.03222652084275753,1e-08,2.035273748913798,0.99999999,2.160487740273481,0.166967918067098,0.0,0.0,-45.83311519476324,-45.83337031176023,1.0,0.5124154215424543,146,0.9333333333333332
0.0,0.0,1.0,0.0,0.0,0.0,1.0,0.0,0.0,0.0,0.0,1.0,0.0,147,1.0
0.0,0.0,1.0,0.0,0.0,0.0,1.0,0.0,0.0,0.0,0.0,1.0,0.0,148,1.0
0.0,0.0,1.0,0.0,0.0,0.0,1.0,0.0,0.0,0.0,0.0,1.0,0.0,149,1.0
0.0,0.0,1.0,0.0,0.0,0.0,1.0,0.0,0.0,0.0,0.0,1.0,0.0,150,1.0
1.786585180149429,0.9545786742823533,1e-08,0.950630648506386,0.99999999,0.0,0.6666666666666666,0.0,0.0,-38.66043995758552,-38.66068842650593,1.0,1.792107101756282,151,0.9333333333333332
4.210272819537109,1.73227984907326,1e-08,1.90136244282013,0.99999999,0.0,0.6666666666666666,0.0,0.0,-57.51368991672933,-57.51389730982319,1.0,4.184502616287913,152,0.9333333333333332
1.979291965131014,0.5772406224450425,1e-08,7.564481921067279,0.99999999,1.03560351248646,0.3111244480483389,0.0,0.0,-59.44594793908936,-58.81426720480124,0.5316974075104676,1.977838856213995,153,0.9333333333333332
0.8113223089942692,0.0,1e-08,5.078876464959158,0.99999999,1.783844338122492,0.2047880172205687,5.0,0.0,-38.39633827867858,-37.53821482741537,0.423956912094032,0.8112584293945666,154,0.9333333333333332
1.970109794757513,0.09484348664977717,1e-08,2.30499272021239,0.99999999,0.06007406962923767,0.5977305237387525,1.0,0.0,-54.673589309658,-54.6740162551031,1.0,1.948171341775413,155,0.9333333333333332
2.627117196987702,0.0,1e-08,4.303406899258121,0.99999999,0.1602926279253438,0.5450926468093861,1.0,0.0,-29.84548766737185,-28.43757167291263,0.2446526096042906,2.489393439296198,156,0.9333333333333332
2.34786985042721,0.0,1e-08,10.13374807545652,0.99999999,2.6849871648121,0.1261603802674617,4.0,0.0,-63.07575197685033,-61.73348842717876,0.2612536381626793,2.705222782182681,157,0.9333333333333332
2.620387863262205,2.620387863262205,1e-08,0.0002030194065390935,0.99999999,0.0,0.6666666666666666,0.0,0.0,-58.52870018424937,-58.25615468988402,0.7614387872004309,2.401046734610641,158,0.9333333333333332
0.7571497906059134,0.05208431601106255,1e-08,2.183452852215592,0.99999999,2.056055527632211,0.1766416267980587,0.0,0.0,-50.59508086872102,-50.59512493784877,1.0,0.7595645535430291,159,0.9333333333333332
3.009528026943031,0.0,1e-08,6.185048298333529,0.99999999,0.02191316443347091,0.6273666825957801,4.0,0.0,-46.09735847007718,-45.83113054342969,0.7662644554949873,3.255410704733047,160,0.9333333333333332
2.059597217512785,0.04305856035729296,1e-08,16.16708134330232,0.99999999,3.128042169333582,0.09982752328835198,4.0,0.0,-57.9529819480592,-54.89402129781594,0.04693645327099283,2.117606468394651,161,0.9333333333333332
0.0,0.0,1.0,0.0,0.0,0.0,1.0,0.0,0.0,0.0,0.0,1.0,0.0,162,1.0
0.0,0.0,1.0,0.0,0.0,0.0,1.0,0.0,0.0,0.0,0.0,1.0,0.0,163,1.0
0.0,0.0,1.0,0.0,0.0,0.0,1.0,0.0,0.0,0.0,0.0,1.0,0.0,164,1.0
0.0,0.0,1.0,0.0,0.0,0.0,1.0,0.0,0.0,0.0,0.0,1.0,0.0,165,1.0
1.377861834085187,0.1181588718254276,1e-08,2.291498198211446,0.99999999,0.5381211691861267,0.419132611836079,1.0,0.0,-45.99541869824069,-45.99553372816118,1.0,1.37247270327631,166,0.9333333333333332
1.170098131807506,0.09260879051500281,1e-08,1.604611047981044,0.99999999,0.156711765815956,0.5466935865287211,0.0,0.0,-50.90764057425636,-50.90779091417444,1.0,1.17754680126763,167,0.9333333333333332
0.0,0.0,1.0,0.0,0.0,0.0,1.0,0.0,0.0,0.0,0.0,1.0,0.0,168,1.0
0.0,0.0,1.0,0.0,0.0,0.0,1.0,0.0,0.0,0.0,0.0,1.0,0.0,169,1.0
0.0,0.0,1.0,0.0,0.0,0.0,1.0,0.0,0.0,0.0,0.0,1.0,0.0,170,1.0
0.0,0.0,1.0,0.0,0.0,0.0,1.0,0.0,0.0,0.0,0.0,1.0,0.0,171,1.0
3.065300384997037,0.8294933719025711,1e-08,32.5560135689156,0.99999999,0.643939437548056,0.3924170741910851,0.0,0.0,-56.34018521150527,-56.00118113438262,0.7124795442018372,3.208276806872512,172,0.9333333333333332
2.971826150466603,0.0,1e-08,7.507291120772372,0.99999999,0.4719109049646306,0.4372319599558686,4.0,0.0,-48.36614980787231,-47.38427089784224,0.374606585097078,2.991528146727783,173,0.9333333333333332
0.8506366958259169,0.6272629704774921,1e-08,0.6284601368111211,0.99999999,0.0,0.6666666666666666,0.0,0.0,-23.10827548066742,-23.10841191677323,1.0,0.8517892879069204,174,0.9333333333333332
2.749739368722151,1.818773015140879,1e-08,3.439648552560388,0.99999999,0.00170539736866715,0.6564720109932927,0.0,0.0,-61.61300190793764,-61.6128199426614,0.9998180512784337,2.726529528289871,175,0.9333333333333332
6.131032933036018e-05,3.117880917420275e-05,1e-08,9.576168676597637,0.99999999,13.80947060114411,0.0004284698197311032,5.0,0.0,-60.53849705173522,-58.22272971534156,0.0986904261893955,3.663214709711161e-06,176,0.0929779508816494
1.718085768075467,0.7866222599824843,1e-08,36.19770340128281,0.99999999,3.51565982551972,0.08145759501064254,1.0,0.0,-51.80452905645138,-50.07164406799474,0.1767736835249113,1.597112249503922,177,0.9333333333333332
5.465208588567368,0.0,1e-08,4.980763644038728,0.99999999,0.0,0.6666666666666666,0.0,0.0,-77.16211138018616,-76.26969148326388,0.4096632095399103,5.69136854206103,178,0.9333333333333332
0.0,0.0,1.0,0.0,0.0,0.0,1.0,0.0,0.0,0.0,0.0,1.0,0.0,179,1.0
0.0,0.0,1.0,0.0,0.0,0.0,1.0,0.0,0.0,0.0,0.0,1.0,0.0,180,1.0
0.0,0.0,1.0,0.0,0.0,0.0,1.0,0.0,0.0,0.0,0.0,1.0,0.0,181,1.0
0.0,0.0,1.0,0.0,0.0,0.0,1.0,0.0,0.0,0.0,0.0,1.0,0.0,182,1.0
1.756925994247906,0.7387815533010894,1e-08,5.890987779487675,0.99999999,1.06194195624451,0.306444171865593,0.0,0.0,-55.0647610702976,-54.60955468934787,0.6343170434656632,2.070659857984484,183,0.9333333333333332
3.210092546698586,1.532769548067828,1e-08,6.651621856024167,0.99999999,0.09878486150942933,0.5749839220334243,0.0,0.0,-47.90025484302043,-47.82763819043606,0.9299572584115006,3.244200967499696,184,0.9333333333333332
1.201392120464339,0.0,1e-08,8.02217101735191,0.99999999,2.468831605997224,0.1415389947684673,4.0,0.0,-64.08850010856777,-63.17194522710223,0.3998943540860272,1.320301581863818,185,0.9333333333333332
1.628120648193576,0.1166519044188392,1e-08,3.693027607029966,0.99999999,1.736622815590152,0.2101453736032596,2.0,0.0,-66.90815364717304,-66.90835167289225,1.0,1.608095348156496,186,0.9333333333333332
2.823110163978394,0.5211453931751451,1e-08,8.903626885498717,0.99999999,0.4444089196585281,0.4451095589824579,1.0,0.0,-63.86499555905421,-63.35059742879221,0.5978603203668453,3.026779393209448,187,0.9333333333333332
1.493525513057009,1.493525513057009,1e-08,8.457948869740635,0.99999999,0.5970151520438662,0.4039547880726072,0.0,0.0,-53.37565182997179,-53.29387973022439,0.9214819407309417,1.525593252351492,188,0.9333333333333332
3.113249724646536,0.0,1e-08,1.537632245546315,0.99999999,0.0,0.6666666666666666,0.0,0.0,-36.26261422640047,-36.17055719020446,0.912053128015997,3.116402142948799,189,0.9333333333333332
0.0,0.0,1.0,0.0,0.0,0.0,1.0,0.0,0.0,0.0,0.0,1.0,0.0,190,1.0
0.0,0.0,1.0,0.0,0.0,0.0,1.0,0.0,0.0,0.0,0.0,1.0,0.0,191,1.0
0.0,0.0,1.0,0.0,0.0,0.0,1.0,0.0,0.0,0.0,0.0,1.0,0.0,192,1.0
5.150828202726562,1.312936843215493,1e-08,21.37648299317988,0.99999999,0.5569657889636517,0.4141870542794013,0.0,0.0,-82.40293449340776,-81.67962029164453,0.4851417310246571,5.237032062007734,193,0.9333333333333332
1.644431179267518,0.9492481683448506,1e-08,0.9302122955550873,0.99999999,0.0,0.6666666666666666,0.0,0.0,-34.29882027851651,-34.2992380735598,1.0,1.665359933427306,194,0.9333333333333332
2.047742175459025,0.0,1e-08,7.546273493034189,0.99999999,2.418068834314539,0.1454274430896062,2.0,0.0,-56.04176457896297,-54.83935227567633,0.300468515740034,2.010467957097734,195,0.9333333333333332
4.437407317978988,1.61855414954226,1e-08,23.31721437055682,0.99999999,0.6584605369953351,0.3889395398704719,0.0,0.0,-78.67345062808265,-78.34412923997587,0.71941176918788,4.568937798126605,196,0.9333333333333332
3.498966743361259,0.0,1e-08,3.789625068663156,0.99999999,0.007646570523334617,0.6443628907259851,3.0,0.0,-54.61632305303588,-54.16419986569535,0.6362757837565592,3.475116547253809,197,0.9333333333333332
1.726134517399097,0.09345581664704733,1e-08,2.982285471057475,0.99999999,0.6218444541824795,0.3977914599214676,0.0,0.0,-63.39678627183899,-63.39677513758318,0.9999888658061707,1.729484064943587,198,0.9333333333333332
0.8655613427747796,0.07340264819528695,1e-08,1.624551463066375,0.99999999,0.5255102153763431,0.4224912454205389,0.0,0.0,-40.09518133525822,-40.09540005969406,1.0,0.8525738353481334,199,0.9333333333333332
0.0,0.0,1.0,0.0,0.0,0.0,1.0,0.0,0.0,0.0,0.0,1.0,0.0,200,1.0
0.0,0.0,1.0,0.0,0.0,0.0,1.0,0.0,0.0,0.0,0.0,1.0,0.0,201,1.0
1.707469119517103,1.278318581642334,1e-08,1.147361782649135,0.99999999,0.0,0.6666666666666666,0.0,0.0,-47.64903034745178,-47.65238832031101,1.0,1.776844753542891,202,0.9333333333333332
2.147670549442666,0.03685456985818061,1e-08,3.592408003152963,0.99999999,0.5681704803693322,0.4112869606687957,1.0,0.0,-70.08326954796567,-70.08208616294212,0.9988173149003232,2.133708202019255,203,0.9333333333333332
1.64610565479197,0.1070251209185711,1e-08,2.376190883143995,0.99999999,0.2143814417200929,0.5224030056041036,1.0,0.0,-46.92843438835652,-46.92860619501865,1.0,1.631874107878247,204,0.9333333333333332
0.8274203374371525,0.3505906570728771,1e-08,8.205012016862675,0.99999999,1.785464959726511,0.2046068048946211,0.0,0.0,-62.10930239317063,-61.6305900660502,0.6195806956014098,1.179864995344673,205,0.9333333333333332
2.521886978375127,2.056834215703919,1e-08,1.755548317406595,0.99999999,0.0,0.6666666666666666,0.0,0.0,-46.92762494977379,-46.9275471292412,0.9999221824953464,2.512076316014624,206,0.9333333333333332
5.9477324215402,1.505702872423742,1e-08,1.412663818623345,0.99999999,0.0,0.6666666666666666,0.0,0.0,-69.68055885195324,-69.68028857812234,0.9997297626897749,5.975246006906876,207,0.9333333333333332
3.494334071484209,0.4670073401883558,1e-08,28.95936306665016,0.99999999,3.808213422583009,0.06991761635520455,2.0,0.0,-69.93554495161871,-67.09388366090123,0.05832868453048823,3.301032013060091,208,0.9333333333333332
1.691369113252472,0.1136630252840885,1e-08,2.243888068625703,0.99999999,0.1430089683240823,0.5529561190472033,0.0,0.0,-44.51745702834526,-44.5175597352857,1.0,1.677037095465812,209,0.9333333333333332
0.0,0.0,1.0,0.0,0.0,0.0,1.0,0.0,0.0,0.0,0.0,1.0,0.0,210,1.0
0.0,0.0,1.0,0.0,0.0,0.0,1.0,0.0,0.0,0.0,0.0,1.0,0.0,211,1.0
0.0,0.0,1.0,0.0,0.0,0.0,1.0,0.0,0.0,0.0,0.0,1.0,0.0,212,1.0
0.0,0.0,1.0,0.0,0.0,0.0,1.0,0.0,0.0,0.0,0.0,1.0,0.0,213,1.0
0.0,0.0,1.0,0.0,0.0,0.0,1.0,0.0,0.0,0.0,0.0,1.0,0.0,214,1.0
0.0,0.0,1.0,0.0,0.0,0.0,1.0,0.0,0.0,0.0,0.0,1.0,0.0,215,1.0
0.0,0.0,1.0,0.0,0.0,0.0,1.0,0.0,0.0,0.0,0.0,1.0,0.0,216,1.0
3.612705941238012,3.080028878789645,1e-08,3.088578418921818,0.99999999,0.0,0.6666666666666666,0.0,0.0,-63.9119017373111,-63.91204497401456,1.0,3.652038826662677,217,0.9333333333333332
