alpha,beta,alpha=beta,LRT,p-value,Total branch length,dN/dS LB,dN/dS MLE,dN/dS UB,CodonSite,adjusted_p-value
0.0,0.0,0.0,0.0,1.0,0.0,0.0,0.0,0.0,1,1.0
1.86534831396865,7.825278992141724e-10,0.07686394078530111,24.54916280894467,7.243780790755494e-07,2.326113168062932,0.0,4.195076562131678e-10,0.0153029644523356,2,5.278031929401017e-06
0.7310185114168344,2.822973883289955e-08,0.03764008768399156,16.680915492266,4.422366014289469e-05,1.13909204646868,0.0,3.861699586537919e-08,0.03156509297173813,3,0.0001547828105001314
4.029329711800915,0.08418230462108145,0.5190232394760296,24.47192775277048,7.540045613430024e-07,15.70706341024279,0.005266347180982168,0.02089238425302655,0.07151171927636352,4,5.278031929401017e-06
1.658245145154446,3.73036201761563e-08,0.0463879815397515,20.07873774095238,7.431832711790598e-06,1.403827251075719,0.0,2.249584163424878e-08,0.01727516400287963,5,4.161826318602735e-05
0.106612749213793,3.904280512026453e-08,0.01851076728016433,6.430445918741221,0.01121804112757641,0.560186468211539,0.0,3.662114091249169e-07,0.2099982581333558,6,0.018846309094328367
0.953796766973244,1.195029920709176e-07,0.06984658186373534,26.36863061142797,2.82084779756886e-07,2.113748685762022,0.0,1.252918820957483e-07,0.0253572018493232,7,3.400361905381289e-06
0.934976459189905,9.093715380419728e-07,0.01283567173077785,6.701357506839219,0.009633953447155563,0.3884425483373749,0.0,9.72614368098511e-07,0.0286053871545915,8,0.016859418532522236
1.623209019679139,0.1168331302587339,0.257804604925606,10.23297907384432,0.001379516750226406,7.801872766057715,0.02311206845376776,0.07197663938673059,0.2026472291266225,9,0.002896985175475453
3.020579023430728,1.250742728486537e-08,0.07110318995402615,30.1163779229793,4.068804326795572e-08,2.151777084983505,0.0,4.140738311378333e-09,0.009253331339803569,10,1.7088978172541403e-06
0.5690395690577523,0.02657910848933066,0.08156035962909663,9.448247065421,0.002113509972117344,2.468239652909785,0.007543604654879027,0.0467087175208955,0.1616293145383657,11,0.0041287171548338815
0.4289279557129902,0.01389504881375198,0.04136980122113075,5.144396365333499,0.02332151715998632,1.251963383576875,0.001815023159839301,0.03239483141324929,0.1563788519120332,12,0.03436855160419036
1.199245119434146,0.1145130203860515,0.3137017828742887,6.489088897565679,0.01085385913241588,9.49347432012287,0.03088840494229381,0.09548758509026375,0.3658486215953309,13,0.01860661565557008
1.009688946609554,0.0415264342231321,0.190553819490534,13.71713885117509,0.000212506350616648,5.766679983006821,0.006603647210246537,0.04112794773338282,0.1444548987701157,14,0.0005100152414799551
0.7690337677776778,0.1259087333477716,0.1988898481264834,2.532094762132239,0.1115520380169737,6.018951019091138,0.05119011168550088,0.1637232831942055,0.486520549326905,15,0.13580248106414192
0.1574404295807753,0.01679848112422979,0.04201946858816464,3.342192618023581,0.06752457252349653,1.271624095763613,0.006012648592650631,0.1066973786146289,0.502797905846596,16,0.0886260014370892
3.88385575103998,0.07701359835064452,0.1261258558447503,3.393535588322798,0.06545245902485097,3.816913511280508,0.00595699541707778,0.01982916032090599,0.0578616857775592,17,0.08726994536646797
0.1307978116169859,0.04561644516368427,0.06342359244478761,0.4970969683911797,0.4807784739304249,1.919371450961173,0.05327455024024912,0.3487554157042209,1.290172669853842,18,0.5244856079240999
0.5795529181214153,1.428712592197807e-06,0.02445898502621156,9.562658807328738,0.001985752879949176,0.7401958130906132,0.0,2.465197823227065e-06,0.04411238292144904,19,0.003971505759898352
2.791854919909911,0.01837987256491549,0.08026522242002669,17.03219066260236,3.67514459117535e-05,2.429045257128272,0.0003706406525443604,0.006583391004253395,0.03072794895295491,20,0.00014032370257214971
0.297109600103214,0.01744492856487999,0.0644544546851603,4.836071909526002,0.02787030987196171,1.950568163064283,0.003231618087045884,0.0587154658039314,0.3060954485316526,21,0.03967976320753871
0.673343347329426,0.2820630650178579,0.3865777379866853,1.028913388697632,0.3104140181561634,11.69890012954905,0.1447061401543881,0.41889931212146,1.123932046078211,22,0.3523618584475368
1.21114694610982,2.332752948161994e-08,0.05155915936613251,19.43934188060426,1.038457150193128e-05,1.560321241800693,0.0,1.926069297911992e-08,0.0210082830111312,23,5.131200036248397e-05
1.970011830202703,0.05578258456704925,0.548304248152162,27.29337461851883,1.748093623188396e-07,16.5931868533013,0.006833008269330194,0.0283158627333266,0.08223529614713072,24,2.9367972869565053e-06
0.7882541211838715,0.01493862432003315,0.07789210123381657,12.02836326569044,0.0005239706670144839,2.357228116551632,0.00105630673350793,0.01895153341868606,0.09145510336338467,25,0.001222598223033796
0.1317323746211445,0.07443486195229086,0.0812888625569045,0.09203463645414445,0.7616062986273813,2.460023408618059,0.1362367327942651,0.5650460804822023,1.725595631942011,26,0.8098092289202535
0.263460117929524,0.04718702511259001,0.07712675182883157,2.576135139554459,0.108486254082563,2.334066549360099,0.04190916364319808,0.1791050026221146,0.5674048755304005,27,0.1340124315137543
0.3366373478553615,0.07712356925647386,0.1038887748464273,1.562750901009942,0.2112628896969745,3.143958593785915,0.06732581436980219,0.2290998599763521,0.6187052519241477,28,0.2516930359559939
1.83558260257547,0.04606383720986698,0.2256192939979229,16.71258767758326,4.349147031057488e-05,6.827857189934659,0.003952376628551357,0.02509494105317609,0.09073662092203488,29,0.0001547828105001314
0.8329413379985202,0.01656485850821062,0.0586344640548586,7.571514175659921,0.005929794766682761,1.774439321570686,0.001112121046073667,0.01988718503035811,0.09583900717466587,30,0.010828320878290259
0.2394765614192302,2.017551566690175e-09,0.01152260257135652,6.071165954259463,0.01374062276095267,0.3487054826717099,0.0,8.42483938609018e-09,0.09679196441377318,31,0.022631613959216163
1.927555290756929,0.09429888265642056,0.3443075808919043,14.41744882791666,0.0001464391391472475,10.41968951362573,0.01479610599174962,0.04892149299613111,0.1483554084665953,32,0.00040764387153444353
2.486653729839874,0.01488011462279703,0.1610390644124197,28.17711402934612,1.107058705818176e-07,4.873482734232887,0.0003366061296209127,0.005983991435653256,0.02824884043727658,33,2.32482328221817e-06
0.6833147610437028,2.975030498788672e-08,0.02786407111884169,9.955395685504037,0.001603786527324291,0.8432430354621417,0.0,4.353821501301357e-08,0.03328435403873556,34,0.0032858065437863524
1.401171990019395,0.01304482487895406,0.05918154040777494,14.56222482100382,0.0001356059570871704,1.790995348954308,0.0005256935456910251,0.009309938374355814,0.04438484476286818,35,0.00040681787126151125
1.065441286586994,1.373676752271772e-12,0.07376065941163908,23.118862368546,1.522894108818562e-06,2.232199382304237,0.0,1.289303098692723e-12,0.02444578277745462,36,9.840238856981476e-06
0.1196285440003358,0.07978087993162644,0.09105151699478681,0.1480951779977602,0.700362360937384,2.755468045091198,0.1864807803967985,0.6669050484423059,2.450961974727585,37,0.7542363887017981
1.905783794464692,2.97321115194562e-08,0.05881417552977137,24.52770989110656,7.324880912928933e-07,1.779877882539272,0.0,1.560098874059716e-08,0.01467231984531194,38,5.278031929401017e-06
0.0,0.0,0.0,0.0,1.0,0.0,0.0,0.0,0.0,39,1.0
0.1961495416707636,0.03001876292226965,0.0573117535627838,2.876458786216077,0.08988349135744766,1.734410482797711,0.0243167188511958,0.1530401889628478,0.5426903614501906,40,0.11268975035859109
4.080621592538011e-07,0.07993816547075944,0.07415174816904847,0.6534469088227013,0.4188830088713275,2.244034798224849,6025.232197056788,10000.0,10000.0,41,0.4629759571735725
2.731964972439848,0.03900705530488413,0.09674667972926787,18.54905779204488,1.655870584305053e-05,2.927819252895403,0.003418838013284408,0.01427802175298314,0.04140088888067887,42,6.954656454081222e-05
0.8061877582622164,0.03883668545231832,0.1604016785194508,14.1642261911812,0.0001675255520068308,4.854193693056684,0.007771443956804264,0.04817325127341675,0.1606815044967875,43,0.0004264286778355693
0.4180263292217176,0.1252453819096135,0.1531881303508303,0.9358213750370794,0.3333547990909931,4.635891987314673,0.08455199182940099,0.2996112281798031,0.8422099058631617,44,0.37335737498191224
1.080109026202275,1.994965778679896e-09,0.08314807285254641,19.82277570904596,8.496422850945429e-06,2.516288199451134,0.0,1.847004080406872e-09,0.03379753099756991,45,4.46062199674635e-05
0.7604584596220465,0.03564739097310819,0.09352413366463674,8.810407241661501,0.002995171758674586,2.830296191248515,0.007720442826946798,0.04687618438859265,0.1529258242043676,46,0.005718055175651482
1.443034801284689,0.01696244182193476,0.069632184632275,11.0946834487724,0.0008657556063862426,2.107260438890982,0.0006623565463162746,0.01175470044577832,0.05557155011285836,47,0.0019137755509590626
0.0,0.0,0.0,0.0,1.0,0.0,0.0,0.0,0.0,48,1.0
3.188103485667938,0.0461500598967954,0.3594379183995796,24.97465154870295,5.808902454607079e-07,10.87757492717937,0.002300798651297063,0.01447570949445718,0.0519535584182501,49,5.278031929401017e-06
0.6755198471268667,0.077229082475652,0.1735887911688172,4.725292624816191,0.02972212551000397,5.25327180522507,0.02975764390966644,0.1143254085044638,0.3705397918694912,50,0.04161097571400556
0.07760285903227417,0.01397478166289061,0.0238467052789186,1.206644313796502,0.2719977267685816,0.7216665525795687,0.01015323546050093,0.1800807578117535,0.8458070314047832,51,0.312983685596724
0.0,0.0,0.0,0.0,1.0,0.0,0.0,0.0,0.0,52,1.0
0.5621843709960869,6.319297451616589e-08,0.04144329518438483,13.9226315032768,0.0001904909868162274,1.254187512003701,0.0,1.124061389401481e-07,0.04637392413666809,53,0.00047062479095773827
0.5305285676553448,1.019028430122728e-05,0.03699033152765847,11.45201624605142,0.0007141646838684235,1.119428647274797,0.0,1.920779562590368e-05,0.04612725103024202,54,0.001621346849863448
2.862665795600768,0.03739518119304188,0.1150387641310309,14.44604558772622,0.0001442323663887191,3.481387778832814,0.002075887945785249,0.01306306214665691,0.04710421970422202,55,0.00040764387153444353
0.549261260385229,0.01394873144605074,0.03938232646243441,5.534410317930522,0.0186460479517665,1.191816959126563,0.001424192714159261,0.02539544011581607,0.120656349509849,56,0.02955222694242238
0.2768453842520983,1.595166950005476e-08,0.0374238937538573,11.03570535519492,0.0008937366431750471,1.132549426579527,0.0,5.761941649541464e-08,0.09938369262721923,57,0.0019249712314539475
1.398545069698738,0.01799576557374512,0.1636688891401444,19.16373757640994,1.199709450760977e-05,4.953068426383963,0.0007090566020068995,0.01286749062554102,0.06567449486910297,58,5.5986441035512265e-05
1.52549628985137,0.06069326648207116,0.1188938342760999,5.421039522412002,0.0198955111936131,3.598052749905521,0.009126348625014359,0.03978591549900429,0.1346280668136058,59,0.03038587164115455
0.5928502123487158,3.9063350193826e-11,0.01086943266868965,5.571202285105294,0.01825821994332388,0.3289387741728617,0.0,6.58907585426466e-11,0.03911050419225738,60,0.02949404760075396
2.021494668454363,0.09967116118284684,0.4700440657364762,17.26076511798382,3.258461153587966e-05,14.22481959301967,0.01380212037949509,0.04930567601202506,0.1412001447755429,61,0.00013033844614351864
0.828056565082444,0.0158695252145167,0.03086574287910163,4.535388655119437,0.03320091683135362,0.9340818362887389,0.001067090937153835,0.01916478400595336,0.09533710641020288,62,0.04571929530874925
2.363740501622054,5.077526846180796e-07,0.1276398321789086,42.83425761907277,5.957956350499671e-11,3.862730577788429,0.0,2.148089793569336e-07,0.009709559258971807,63,5.004683334419724e-09
0.6962380060203185,4.273435750812126e-08,0.03334030597516419,14.18340194685298,0.0001658268527696682,1.008968886629181,0.0,6.137894963877358e-08,0.03470559106209765,64,0.0004264286778355693
1.780313412737185,2.691918014847263e-08,0.02694999831050942,14.70470984998926,0.0001257319303058502,0.8155806911390865,0.0,1.512047258414185e-08,0.01494503088749634,65,0.00040558684612148856
0.05435017993667313,3.520934190473609e-08,0.01116085676928693,3.016800605332097,0.08240589090936823,0.3377580648697013,0.0,6.478238332561318e-07,0.516616278435263,66,0.10488022479374139
0.0,0.0,0.0,0.0,1.0,0.0,0.0,0.0,0.0,67,1.0
0.5879690656943473,0.04302265604970131,0.05401567086471119,1.398203739772583,0.2370245548307367,1.63466200140737,0.01722410272297678,0.07317163191042167,0.2331828484645184,68,0.2765286473025262
0.2963189750219331,0.04070308850022369,0.08006571910570703,3.275444187744455,0.07032388726369432,2.423007740943573,0.02263298126453445,0.1373624098733836,0.4547086394014844,69,0.09088010046385112
0.9313301651814523,0.02873623712809209,0.1254961935166908,14.36669251794163,0.0001504400002091399,3.797858206312165,0.004946624459680984,0.03085504819066327,0.1091539505466035,70,0.00040764387153444353
1.930662099188496,0.09256035726586218,0.6971637624346533,21.1083122964625,4.340412722791953e-06,21.09808307415928,0.0121752832671572,0.04794228741775555,0.1340505952899499,71,2.604247633675172e-05
0.3103449031482063,0.06146222229239116,0.09714193612784514,1.552677921145403,0.2127405422961377,2.939780793041516,0.04508433656425049,0.1980448902782194,0.6873278879817768,72,0.2516930359559939
0.110980378255942,1.355698423631092e-08,0.02414013266068219,5.468477870858617,0.01936248208102209,0.7305464680460025,0.0,1.22156587041413e-07,0.2862909584477949,73,0.030119416570478803
0.8743496544196404,0.05216968499221372,0.08397877110417908,4.925496034167864,0.02646320407380642,2.541427401553808,0.01412096438275902,0.05966684464105147,0.1790384180517113,74,0.038326019693098956
1.314587043346529,0.01692061314525611,0.0944336079718411,14.94203369654459,0.0001108651720553855,2.857819372344732,0.0007201974256356968,0.0128714285074509,0.060185552251886,75,0.0003725069781060953
2.44713284329115,3.534746168723347e-08,0.06041417261424267,26.35989492211014,2.833634921151074e-07,1.828298172326998,0.0,1.444443924821615e-08,0.01038249481718049,76,3.400361905381289e-06
2.175848994450934,6.368278670252052e-09,0.03425381489874548,14.63646928842396,0.0001303672005390499,1.036614166256736,0.0,2.926801761745906e-09,0.01545927050097219,77,0.00040558684612148856
1.59825778618374,0.01342033291884796,0.201014818007703,25.69272344734598,4.003336838698246e-07,6.083258422171721,0.0004721487833077513,0.008396851268212829,0.04026232000353284,78,4.203503680633158e-06
0.5978295932744291,0.02840340971024428,0.07216211938470232,7.678277161566662,0.005588950088891709,2.183823187064395,0.007709796989427343,0.04751087940406777,0.1618251736619174,79,0.010432706832597857
0.5554225247225425,4.828667710009836e-08,0.0118739389283779,5.31775892280514,0.02110914311898138,0.3593378821835889,0.0,8.693683628372767e-08,0.04610895428161699,80,0.03166371467847207
0.8874523107729865,9.022254817493169e-09,0.09754288837383152,29.26884015064418,6.300067978415314e-08,2.951914705115559,0.0,1.016646720952772e-08,0.0293757837645349,81,1.7640190339562878e-06
0.1350591278581385,2.773680937936757e-08,0.02129582447008623,7.014932063923428,0.008083270005876386,0.6444699194254341,0.0,2.053678993729425e-07,0.180642228048788,82,0.014446695329651413
0.1299542844581794,4.561590468092321e-09,0.01331313926602257,4.299020358128056,0.03813433348774165,0.4028920224302733,0.0,3.510150117105441e-08,0.2242555829487222,83,0.0516658711769403
2.656277955711261,0.01417030441455409,0.08101028720897442,18.60198059160629,1.610531390006109e-05,2.451592956334488,0.0002996930006511809,0.005334646693914892,0.02537019373566264,84,6.954656454081222e-05
